Date,pred_3M,pred_6M,pred_9M,pred_1Y,pred_2Y,pred_5Y,pred_10Y,pred_20Y,pred_30Y,actual_3M,actual_6M,actual_9M,actual_1Y,actual_2Y
2024-04-29,0.04379790681290685,0.045009503059492015,0.04528005435880981,0.045556350748313754,0.03908339177343841,0.03310746921493392,0.03241042825817149,0.0323383256929501,0.03138163490714621,0.0491444,0.0481098,0.0470505,0.0460144,0.0424587
2024-04-30,0.043807740919541975,0.04501931382120487,0.04528971226289477,0.0455658575376739,0.03909096852477447,0.03311287072711758,0.03241485775078809,0.032341865557892535,0.03138486806710205,0.0491565,0.0480837,0.0470676,0.0460933,0.0429233
2024-05-01,0.04376222780204396,0.044973908742056846,0.04524501462054732,0.045521859265828496,0.03905590263708144,0.03308787204032704,0.032394357661025164,0.03232548274646668,0.03136990471557348,0.0491005,0.0480828,0.0470293,0.0460044,0.0424488
2024-05-02,0.043616099966860174,0.04482812771358557,0.04510150490983522,0.045380594974808404,0.038943317278815164,0.03300760921494619,0.032328538443165085,0.03227288281628818,0.031321862244910174,0.0489207,0.047969,0.0468313,0.0457102,0.0419083
2024-05-03,0.04338220355798917,0.044594786193419576,0.044871798824536416,0.04515448287181228,0.03876310933704598,0.03287913771456312,0.03222318603012828,0.03218868971579678,0.031244964055766405,0.0486329,0.0476088,0.0464238,0.0452355,0.0410724
2024-05-06,0.043564817705391154,0.044776967135776634,0.045051141419185536,0.04533101948269332,0.038903806384111395,0.03297944163274843,0.03230543974300386,0.03225442332339966,0.03130500216444009,0.0488576,0.0476531,0.0463802,0.0451137,0.0409314
2024-05-07,0.04348427841068794,0.04469661892016837,0.044972045024649805,0.04525316063553069,0.03884175406656229,0.03293520410678561,0.032269162974003805,0.03222543249178526,0.03127852323895141,0.0487585,0.0475011,0.0462228,0.0449763,0.0409715
2024-05-08,0.043437954467703245,0.04465040486596771,0.04492655097609865,0.045208378382838865,0.03880606327557914,0.03290975988861322,0.03224829757541662,0.032208757769323304,0.0312632933017527,0.0487015,0.0474827,0.0462072,0.0450046,0.0413367
2024-05-09,0.043463229427312663,0.044675619870111836,0.04495137313618896,0.04523281217824237,0.0388255366494868,0.032923642595667865,0.032259682016183525,0.032217855720596815,0.031271602958301316,0.0487326,0.0474329,0.0461615,0.0449787,0.0413938
2024-05-10,0.04348062124736808,0.04469297043268874,0.04496845338005402,0.04524962518567457,0.03883893636591573,0.032933195348175556,0.03226751570172009,0.03222411606300379,0.03127732087227951,0.048754,0.0477996,0.046694,0.045675,0.0422585
2024-05-13,0.043405284061563534,0.0446178119535592,0.04489446585164763,0.045176795256330074,0.03878089198513962,0.032891815094106894,0.032233582044249295,0.03219699775687889,0.03125255224122188,0.0486613,0.0476489,0.0465768,0.0456109,0.042251
2024-05-14,0.04337748994235409,0.04459008375743757,0.044867169650654216,0.04514992612466175,0.03875947767503715,0.032876548676077,0.032221062903820666,0.03218699300597227,0.031243414358614073,0.0486271,0.0476821,0.0465887,0.0455774,0.0420163
2024-05-15,0.04328890700186586,0.044501710895614825,0.044780173593436945,0.04506429117304165,0.038691227825933906,0.032827892848643105,0.032181162981985076,0.032155106738774225,0.031214290909676312,0.0485181,0.047456,0.0462603,0.0451033,0.0410738
2024-05-16,0.04324209660348102,0.04445501149462712,0.04473420173807154,0.045019038567424896,0.03865516211958741,0.03280218132990226,0.032160078414074825,0.032138256883048846,0.03119890103397121,0.0484605,0.047447,0.0462687,0.0451435,0.0411675
2024-05-17,0.04327915481254442,0.04449198183170055,0.04477059610229761,0.045054863526363634,0.0386837141217749,0.03282253627171442,0.03217677035446544,0.032151596344465884,0.031211084678138785,0.0485061,0.0475071,0.0463263,0.045253,0.0415523
2024-05-21,0.04308582015716126,0.04429910553436276,0.044580724651532816,0.04486796265907312,0.03853475660311033,0.03271634327753295,0.03208968751397759,0.03208200361375792,0.031147521945398524,0.0482682,0.047255,0.0460347,0.0448922,0.0408919
2024-05-22,0.042962784101335964,0.0441763610761806,0.04445989240029647,0.04474902081039601,0.03843996141469305,0.03264876299322805,0.03203426882471974,0.032037715500485064,0.031107071305270365,0.0481168,0.0472138,0.0459918,0.0449071,0.041135
2024-05-23,0.042859009480417924,0.04407283234467159,0.044357976490655794,0.044648699331904344,0.03836000636633674,0.03259176234248207,0.031987525919530385,0.03200036070428588,0.03107295325076017,0.0479891,0.0471979,0.0460156,0.044984,0.0413124
2024-05-24,0.04278757888138591,0.044001570966313595,0.0442878252425676,0.04457964555539401,0.03830497127689947,0.03255252733343651,0.03195535159959585,0.03197464846829182,0.031049468958504925,0.0479012,0.0473707,0.0461671,0.0449797,0.0415504
2024-05-27,0.04290793047005519,0.044121637424817214,0.04440602126425484,0.04469599246861247,0.03839769845221899,0.03261863336201764,0.0320095612692822,0.032017970347436614,0.031089037039589262,0.0480493,0.0473624,0.0462078,0.0450944,0.0417528
2024-05-28,0.04289159635160982,0.04410534200844776,0.04438997970552478,0.044680201872826356,0.038385113530521424,0.03260966146125537,0.03200220393794921,0.03201209070441316,0.03108366685994627,0.0480292,0.0474187,0.0462373,0.0451202,0.0420244
2024-05-29,0.042868842412352955,0.0440826419801937,0.044367633307907293,0.04465820507345016,0.038367582334063725,0.03259716331694238,0.031991954941832774,0.032003900175866726,0.0310761860309752,0.0480012,0.0474098,0.0462897,0.0452441,0.0423133
2024-05-30,0.04272045583852753,0.04393460691639947,0.04422190436691564,0.044514755958748424,0.03825325496641867,0.03251565830114853,0.031925117492630536,0.03195048677004338,0.031027400861504854,0.0478186,0.0473231,0.046165,0.0450719,0.0418029
2024-05-31,0.04243555497023473,0.04365038063841416,0.043942105682588085,0.04423933437988303,0.03803374665119248,0.03235916869538808,0.03179678980661173,0.03184793332090545,0.03093373373786136,0.047468,0.0468997,0.045734,0.0446031,0.0408375
2024-06-03,0.04245765757730161,0.04367243092515774,0.0439638124832905,0.0442607016113772,0.038050776142735755,0.032371309191568894,0.03180674548596099,0.031855889425940406,0.030941000434593528,0.0474952,0.0468325,0.04566,0.0445021,0.0402336
2024-06-04,0.04239963836634917,0.043614549049578295,0.043906832254126546,0.044204612746980475,0.03800607381588711,0.03233944044979153,0.031780611880757426,0.03183500469462563,0.030921925398536068,0.0474238,0.0467245,0.0455566,0.0443564,0.0395769
2024-06-05,0.041837589280501485,0.04305382950837046,0.04335484682737686,0.04366126183580506,0.03757302699260308,0.03203071658647688,0.03152744688440548,0.0316326876301693,0.03073713981655594,0.0467321,0.0456736,0.0444158,0.0431461,0.0383944
2024-06-06,0.041471551751681296,0.042688657011085804,0.042995362081323575,0.0433073999790593,0.037291000654343376,0.031829656509926335,0.03136257071911197,0.03150092699715203,0.03061679708068583,0.0462816,0.045207,0.0441004,0.0429773,0.0384466
2024-06-07,0.041518026603674735,0.04273502206902968,0.04304100499697325,0.043352328987663336,0.03732680891736752,0.03185518468185863,0.03138350467286827,0.03151765633259293,0.0306320766963058,0.0463388,0.0454197,0.0443628,0.0433034,0.0389357
2024-06-10,0.0415164016042112,0.04273340090871048,0.043039409086540026,0.043350758039169,0.03732555687710457,0.03185429208631109,0.031382772714586074,0.031517071389241015,0.030631542442511896,0.0463368,0.0453374,0.0442798,0.0432229,0.0389866
2024-06-11,0.04167313434969965,0.04288976330483498,0.04319333607932338,0.043502277401553276,0.037446317192579404,0.03194038363512161,0.031453370710367926,0.03157348969364098,0.030683071721101206,0.0465297,0.0453141,0.0441269,0.0429787,0.0387704
2024-06-12,0.041591883184102896,0.04280870414569597,0.04311353945443423,0.043423728913216324,0.037383714384002495,0.03189575331191003,0.0314167723188494,0.03154424212674985,0.03065635864593696,0.0464297,0.0450993,0.0437843,0.0425102,0.0380273
2024-06-13,0.04159058317228351,0.04280740720569785,0.043112262714755274,0.04342247214349533,0.03738271274362147,0.031895039229865176,0.0314161867473197,0.03154377416796674,0.030655931238942287,0.0464281,0.0450765,0.0437236,0.0423615,0.0375406
2024-06-14,0.04158692689019481,0.04280375956305886,0.04310867188547527,0.04341893747968379,0.03737989563081919,0.031893030874641966,0.03141453982785415,0.031542458034275474,0.030654729157142617,0.0464236,0.0448299,0.0434392,0.0420577,0.0372149
2024-06-17,0.04151079535864222,0.0427278079080829,0.04303390319793262,0.04334533826916506,0.03732123733991859,0.03185121263285319,0.03138024745954554,0.031515053335540916,0.030629699267757028,0.0463299,0.0449898,0.0435622,0.0422166,0.0375977
2024-06-18,0.041360646965789435,0.042578014187846146,0.04288644251497501,0.043200184017623905,0.037205549858638165,0.03176873751724777,0.031312615137877475,0.03146100509139632,0.030580334720712567,0.0461451,0.0449384,0.043491,0.0420437,0.0370603
2024-06-19,0.041348134729257705,0.04256553150201641,0.04287415424457844,0.043188087945542554,0.03719590932161014,0.031761864650244435,0.031306979162935414,0.031456501114428645,0.030576221050334546,0.0461297,0.0449246,0.0434754,0.0420876,0.0373645
2024-06-20,0.041446201948296214,0.04266336709057867,0.04297046605273069,0.043282893350460254,0.03727146895181499,0.031815732105555085,0.031351152245277715,0.03149180194389845,0.030608462782354517,0.0462504,0.0451863,0.0437888,0.0423961,0.0377665
2024-06-21,0.04123983159263108,0.04245748411726903,0.0427677896616187,0.04308338697358283,0.037112462891076226,0.03170237456579215,0.03125819537561175,0.0314175156705985,0.030540614029860677,0.0459964,0.0451535,0.0437437,0.0423439,0.0377809
2024-06-24,0.04135780327391861,0.04257517721211622,0.042883649724629436,0.04319743490877173,0.037203358826328074,0.03176717550121868,0.03131133423378091,0.031459981459681305,0.03057939979506094,0.0461416,0.0451183,0.043763,0.0424263,0.0379331
2024-06-25,0.0414341770701669,0.0426513706172487,0.042958656424606785,0.043271268436767915,0.03726220393251749,0.03180912695247286,0.03134573580119338,0.0314874734025747,0.030604509342392987,0.0462356,0.0454771,0.0440698,0.0427046,0.0384699
2024-06-26,0.0414214209695681,0.04263864464793728,0.04294612866203584,0.04325893662059458,0.03725237551330544,0.03180212014388593,0.03133998998680779,0.031482881645880645,0.030600315497045845,0.0462199,0.045647,0.0443294,0.0430695,0.0390867
2024-06-27,0.04141280858215098,0.042630052603453414,0.04293767043827094,0.04325061069146065,0.037245739773115995,0.0317973894377177,0.031336110651848555,0.03147978148286303,0.03059748398741326,0.0462093,0.0456244,0.0443012,0.0430294,0.0388811
2024-06-28,0.04146992676183107,0.04268703585998292,0.042993766179784586,0.04330582903913988,0.03728974862049319,0.031828763918779326,0.03136183876467864,0.03150034205701924,0.03061626282999958,0.0462796,0.0456074,0.0442202,0.0428821,0.0386028
2024-07-02,0.04131051689140146,0.04252800250319726,0.04283720975047522,0.04315172129043914,0.037166925189703624,0.03174120147517122,0.03129003468892495,0.03144295997711471,0.03056385336585621,0.0460834,0.0455442,0.0443155,0.0431539,0.039205
2024-07-03,0.04127013682099544,0.042487717787366965,0.042797552455236906,0.04311268426064333,0.03713581276715018,0.03171902100967606,0.03127184599254858,0.03142842452535584,0.030550577536091028,0.0460337,0.0455041,0.044279,0.0431029,0.0389623
2024-07-04,0.04124917501518337,0.04246680547813601,0.042776965846508794,0.043092419638098435,0.03711966190621481,0.0317075068417121,0.031262404005869285,0.0314208789862554,0.03054368588432002,0.0460079,0.0454782,0.0442331,0.0430606,0.0391281
2024-07-05,0.041401352496540436,0.04261862357717812,0.04292641941831078,0.043239535647834886,0.037236912996398835,0.031791096712626185,0.03133095041026139,0.03147565768601321,0.03059371755008517,0.0461952,0.0450165,0.0436509,0.0423481,0.0380912
2024-07-08,0.04128996121594143,0.042507495369467595,0.042817022008781104,0.04313184929841332,0.0371510872591097,0.03172991040138624,0.0312807756439665,0.03143556063383169,0.030557095238898893,0.0460581,0.0450578,0.0436562,0.0423251,0.0380034
2024-07-09,0.041242350253268466,0.0424599968308886,0.04277026324088115,0.043085821864780674,0.03711440349442722,0.03170375804836539,0.031259329875504,0.03141842230314834,0.030541442094622118,0.0459995,0.0449829,0.0436058,0.0422898,0.037947
2024-07-10,0.04110155023822268,0.0423195292221458,0.042631983327419284,0.04294970469776575,0.03700591833379507,0.03162641747696623,0.031195908168026826,0.0313677390339836,0.030495151003903265,0.0458262,0.0448755,0.0436064,0.0423431,0.0378452
2024-07-11,0.04109131328995932,0.042309316437847286,0.042621929599030224,0.04293980821137733,0.03699803084593182,0.03162079437602915,0.03119129705039443,0.03136405407449002,0.03049178538226692,0.0458136,0.0446206,0.043255,0.0418808,0.0371912
2024-07-12,0.04102639834920149,0.042244554714487556,0.042558176481708156,0.042877052197696996,0.0369480143641678,0.031585136917789344,0.03116205683354486,0.031340686855971994,0.030470443167671467,0.0457337,0.0444484,0.0430288,0.0415926,0.0368009
2024-07-15,0.04075585750206487,0.04197465219441378,0.042292477345182745,0.042615508507736446,0.03673956404481345,0.03143652962991596,0.031040194412946014,0.0312433010086732,0.030381496881750347,0.0454007,0.0442883,0.0428593,0.0414088,0.036595
2024-07-16,0.04038458988696826,0.04160425997533278,0.04192785322532662,0.04225658670407967,0.036453502704403104,0.031232592037422797,0.030872959866937073,0.031109656441928542,0.030259434359987947,0.0449437,0.0439699,0.0425535,0.0411277,0.0363121
2024-07-17,0.04036590510980484,0.04158561923614414,0.04190950276880725,0.04223852321962,0.03643910605359076,0.03122232843219066,0.030864543434362804,0.031102930503088176,0.030253291319564696,0.0449207,0.0439411,0.0425808,0.0412143,0.0364131
2024-07-18,0.04020139975122281,0.04142150152398019,0.04174794074194987,0.04207948773086332,0.03631235421216355,0.03113196496003162,0.03079044300268034,0.031043713640551376,0.03019920647519287,0.0447182,0.0434853,0.0422527,0.0410553,0.0366134
2024-07-19,0.040169473925344895,0.041389650913734075,0.041716586110586096,0.04204862342177983,0.036287755232242466,0.03111442793560916,0.03077606218986829,0.031032221316484747,0.03018871013817017,0.0446789,0.0434829,0.042251,0.0410998,0.0368011
2024-07-22,0.04007459081195061,0.041294991310328544,0.04162340053580089,0.041956895064356535,0.036214647324562366,0.031062308071198384,0.0307333225745283,0.03099806626891222,0.030157515165346947,0.0445621,0.0436629,0.0424212,0.0412688,0.0369853
2024-07-23,0.040026743512356425,0.04124725670457949,0.04157640923984795,0.04191063860072967,0.03617778069884109,0.03103602522217299,0.03071176998026267,0.030980842679052212,0.030141784279372735,0.0445032,0.0436149,0.0423605,0.0411316,0.0365937
2024-07-24,0.039745676976569694,0.04096685193030943,0.041300370740170934,0.04163891657760079,0.03596121667125758,0.030881632912176896,0.030585164567579044,0.030879667025494172,0.030049377242528496,0.0441572,0.0430609,0.04168,0.0403915,0.0358943
2024-07-25,0.039724881701944104,0.04094610560188006,0.041279947452192746,0.04161881264570922,0.03594519370347431,0.03087020984908287,0.03057579739071398,0.03087218133063517,0.030042540319300478,0.0441316,0.043057,0.0416231,0.0403162,0.0358649
2024-07-26,0.039495812399517,0.04071757532189076,0.04105497554256381,0.04139735852191119,0.03576869313020944,0.030744379338026255,0.030472613542255004,0.030789722943646243,0.029967228515049363,0.0438496,0.0428593,0.0413764,0.0400068,0.0354279
2024-07-29,0.039673706065321265,0.04089505040910221,0.04122968723391765,0.04156933833501343,0.03590576233764083,0.030842098512105086,0.030552745447794724,0.030853759581976795,0.030025715154358375,0.0440686,0.0428162,0.0412673,0.0398311,0.0350985
2024-07-30,0.03946795087991758,0.040689779345416476,0.04102761235969426,0.04137042319643233,0.035747225456757466,0.030729074629917266,0.030460063348864416,0.03077969358326124,0.029958068396853728,0.0438153,0.0423993,0.0408964,0.0394078,0.0344717
2024-07-31,0.03938452937012339,0.04060655405840987,0.040945682910117576,0.041289774804596203,0.03568294800668865,0.030683250016478272,0.030422486184346887,0.030749664180299605,0.029930641645137996,0.0437126,0.0424344,0.0407995,0.0391662,0.033973
2024-08-01,0.0390100776205828,0.04023298266329322,0.040577927907267754,0.04092776985405178,0.03539442652207856,0.030477557382602424,0.030253814091910573,0.03061487178231648,0.02980753190754768,0.0432516,0.0419415,0.0402299,0.0384674,0.0330347
2024-08-02,0.03870801123044532,0.03993162593920326,0.04028126297334293,0.040635743195965225,0.03516167784999659,0.0303116260504825,0.030117747391174773,0.03050613580897823,0.029708220471805477,0.0428797,0.0410155,0.0391702,0.0372366,0.0312752
2024-08-06,0.038582363482137,0.03980627325077825,0.04015786182374348,0.040514271325713086,0.035064863194399165,0.030242604823331375,0.03006114881911245,0.03046090583099774,0.029666910798224082,0.042725,0.0410886,0.0392342,0.0374113,0.0321996
2024-08-07,0.03853663697266442,0.03976065410189299,0.04011295288202616,0.040470064490411295,0.03502962975158963,0.030217486143671056,0.0300405510900056,0.03044444544376953,0.029651877122323346,0.0426687,0.0411349,0.0392784,0.0374961,0.0324761
2024-08-08,0.03844648424401117,0.03967071301109353,0.04002441199591348,0.04038290783792188,0.0349601646921127,0.0301679629938671,0.029999941314813542,0.030411992721345864,0.02962223726753729,0.0425577,0.0410556,0.0392162,0.0375147,0.0329012
2024-08-09,0.03845030150071919,0.03967452130742594,0.040028161005003005,0.04038659823601472,0.03496310599143893,0.030170059910420932,0.030001660819412725,0.030413366838599354,0.029623492281629707,0.0425624,0.0409894,0.0391605,0.0374293,0.0326484
2024-08-12,0.038385327171560756,0.03960969948484703,0.03996434831850382,0.04032378317509455,0.034913041490895975,0.030134367829619993,0.0299723927573582,0.030389977693508,0.02960213042145163,0.0424824,0.0407303,0.0389633,0.0372697,0.0323873
2024-08-13,0.03826869959981816,0.03949334560670358,0.039849805794423196,0.040211031344116334,0.03482317661236552,0.03007030116213638,0.029919857126107674,0.03034799462982929,0.029563786318549348,0.0423388,0.0405156,0.0386702,0.0368682,0.0317729
2024-08-14,0.03829826241366303,0.039522839050946876,0.039878840098700685,0.04023961174556021,0.03484595562262622,0.030086540827313026,0.029933173891786607,0.030358636521432093,0.029573505801382828,0.0423752,0.0404487,0.0385431,0.0367208,0.0316926
2024-08-15,0.03813047055756632,0.039355440863501255,0.039714047859473134,0.040077395729934476,0.034716666951038366,0.029994368019394917,0.029857590862720162,0.030298235510530295,0.029518340203343,0.0421686,0.040585,0.0387885,0.0371128,0.0324106
2024-08-16,0.038097253718053586,0.03932230193986067,0.03968142481355801,0.04004528267737157,0.03469107233316964,0.029976121031880097,0.029842628080978005,0.030286278240824197,0.02950741936813439,0.0421277,0.0404412,0.0387189,0.0369935,0.0323987
2024-08-19,0.038172133931529455,0.03939700650103672,0.0397549664358927,0.040117674625939535,0.03474876986836557,0.030017254918665658,0.029876358441145896,0.030313233326122103,0.029532038038886713,0.0422199,0.040486,0.0387021,0.0369548,0.0326007
2024-08-20,0.03806257516272933,0.039287704723275266,0.0396473661733381,0.0400117564702171,0.034664351401852055,0.029957071067116675,0.029827006850553794,0.03027379478453406,0.029496017957856807,0.042085,0.0404385,0.0384653,0.0365511,0.0319975
2024-08-21,0.03808190417466607,0.039306988399646234,0.039666349660236924,0.0400304431917728,0.03467924502309373,0.029967689071612076,0.029835713758305328,0.03028075277023584,0.02950237283616418,0.0421088,0.0402889,0.0382968,0.0363702,0.0318211
2024-08-22,0.03804958089574627,0.039274740932878596,0.039634604190093486,0.039999193992196785,0.03465433890121838,0.029949932925081676,0.029821153477903678,0.030269117156047007,0.029491745779408697,0.042069,0.040185,0.0383245,0.0365468,0.0322604
2024-08-23,0.03802424213700405,0.03924946160092471,0.039609718380013065,0.03997469721524849,0.03463481456625758,0.02993601357643682,0.029809739426008716,0.030259995801216712,0.029483415051436902,0.0420378,0.0401607,0.0382164,0.0363357,0.0316693
2024-08-26,0.03792564915540346,0.03915109981833815,0.03951288777504763,0.03987938032232058,0.03455884539753447,0.02988185339025836,0.029765327369055974,0.030224504636339515,0.029451000226913243,0.0419164,0.0401228,0.0381636,0.0363085,0.0318499
2024-08-27,0.03779684668121105,0.039022599311276454,0.03938638757425887,0.03975485761086605,0.03445959861781592,0.029811098020901955,0.02970730709275428,0.03017813871460595,0.02940865329161796,0.0417578,0.0400111,0.0381203,0.0363188,0.0317884
2024-08-28,0.03770857029202153,0.03893452983149162,0.03929968900749314,0.03966951431937978,0.03439157846776864,0.029762604830365358,0.02966754210842434,0.030146361218661155,0.029379630282311282,0.0416491,0.0399592,0.0380283,0.0362369,0.031953
2024-08-29,0.03755159182454269,0.0387779192074168,0.03914551618060216,0.039517751481960336,0.03427062062827841,0.029676371052200314,0.029596829461448426,0.030089852472690956,0.029328019780827896,0.0414558,0.0398158,0.0380254,0.03639,0.0323633
2024-08-30,0.03745844571332447,0.03868499130514838,0.03905403476423104,0.03942770005142434,0.03419884787715347,0.029625202490295405,0.029554870714766826,0.030056321913539727,0.029297395715808867,0.0413411,0.0398382,0.0380196,0.0363837,0.0324918
2024-09-03,0.0371930625065869,0.038420229562847914,0.03879339410558116,0.039171133466658924,0.03399435902597192,0.029479417244095675,0.029435325466072637,0.029960789621557033,0.029210144454514413,0.0410143,0.0395466,0.0377495,0.0360892,0.03184
2024-09-04,0.03677040062313684,0.03799855673133514,0.038378284374291374,0.038762511967659966,0.03366867846439217,0.02924723104863789,0.02924493110417245,0.02980863989636568,0.029071183854959465,0.0404938,0.0390345,0.0371301,0.0353448,0.0308091
2024-09-05,0.03677072542660209,0.03799888077508301,0.038378603374643175,0.03876282598214858,0.03366892874141358,0.029247409477831998,0.029245077417185305,0.029808756819260113,0.02907129064221989,0.0404942,0.0389804,0.0370098,0.0352021,0.0307327
2024-09-06,0.03675545967826961,0.037983650732866976,0.03836361037155553,0.038748067314148205,0.03365716573110264,0.029239023312362056,0.029238200711400153,0.02980326144808873,0.029066271645678265,0.0404754,0.0387205,0.0366074,0.0346796,0.030011
2024-09-09,0.036780388335843184,0.03800852108247822,0.038388093640799224,0.03877216791867037,0.03367637448690299,0.02925271774917184,0.029249430231780005,0.029812235277428857,0.029074467565205646,0.0405061,0.0386104,0.0365202,0.0345969,0.0297282
2024-09-10,0.03666492140896214,0.037893324206010444,0.03827468966801383,0.03866053639683197,0.033587401476086944,0.029189286493389963,0.02919741623797642,0.02977066942454029,0.02903650492203149,0.0403639,0.0383903,0.0362914,0.0343263,0.0293252
2024-09-11,0.036673122590326325,0.037901506208893695,0.038282744328702184,0.038668465168000064,0.03359372090007902,0.02919379178195823,0.029201110599058458,0.029773621692084765,0.02903920126604794,0.040374,0.0383325,0.0362418,0.0343622,0.0296544
2024-09-12,0.036718107440570344,0.037946385856025444,0.03832692547987456,0.03871195579139306,0.03362838398090843,0.02921850402864852,0.029221374779302946,0.029789815369076142,0.029053991162711817,0.0404294,0.0382933,0.0361646,0.0342355,0.0294242
2024-09-13,0.03670113659131968,0.03792945469656459,0.0383102578334423,0.038695548651934426,0.033615307094465495,0.0292091811635923,0.0292137299771534,0.029783706191979634,0.029048411570963793,0.0404085,0.0380798,0.0357774,0.0337104,0.0288394
2024-09-16,0.03653143011765409,0.03776014503742889,0.03814358323695302,0.03853147905812302,0.03348453957674763,0.029115953437162057,0.029137282763940522,0.029722615097046275,0.028992616306106545,0.0401995,0.0376009,0.0350765,0.0329249,0.0281939
2024-09-17,0.036501467968379,0.03773025293200914,0.03811415635230866,0.03850251208712531,0.03346145216884485,0.02909949378820719,0.029123785777020912,0.029711829284982293,0.028982765495027794,0.0401626,0.037432,0.0348725,0.0328531,0.0286292
2024-09-18,0.03638665472123941,0.03761570804766095,0.03800139414839485,0.038391512227148566,0.03337298242892815,0.02903642125515791,0.029072066039872755,0.029670498641709304,0.028945017742976534,0.0400212,0.0372789,0.034665,0.0326488,0.0286401
2024-09-19,0.036304402699524674,0.037533648240366355,0.03792061143186571,0.03831199203246596,0.033309602745633264,0.02899123610143657,0.029035014053357823,0.029640889410789108,0.028917975309702203,0.0399199,0.0372582,0.0347326,0.0326852,0.0284396
2024-09-20,0.03624521100818981,0.03747459485307093,0.03786247707819201,0.03825476622812342,0.03326399225346687,0.02895871909290411,0.02900835000423,0.02961958146572921,0.028898514540571813,0.039847,0.0372571,0.0347854,0.0327723,0.0285238
2024-09-23,0.036189105167083485,0.03741862008971521,0.03780737342891458,0.03820052375525865,0.03322075953796432,0.028927897261189522,0.028983076015728096,0.029599384360934684,0.028880068320664018,0.0397779,0.0371448,0.0346663,0.0327007,0.0285114
2024-09-24,0.03609922298440339,0.03732894786247159,0.037719096721097266,0.038113626646709114,0.033151500159413226,0.028878520266711026,0.02894258676260375,0.029567028352974735,0.028850517266204967,0.0396672,0.0370313,0.0345388,0.0325639,0.0283531
2024-09-25,0.03601940976850402,0.03724932104831886,0.0376407090791039,0.03803646404025291,0.03308999940812189,0.02883467460442119,0.028906633236643067,0.029538296974618884,0.02882427663600757,0.0395689,0.0368619,0.0345333,0.0324433,0.028905
2024-09-26,0.03594300744053208,0.03717309712641463,0.03756567135857177,0.03796259898869588,0.03303112686676643,0.02879270265536466,0.028872216178101186,0.02951079343785862,0.028799157418013012,0.0394748,0.0367767,0.0345277,0.0325205,0.0290923
2024-09-27,0.03586969113467532,0.037099951993238664,0.037493664501465594,0.03789171742193685,0.03297463221673551,0.028752425961807757,0.02883918924900341,0.02948440079892191,0.02877505280480619,0.0393845,0.0366593,0.0343166,0.0321944,0.028397
2024-10-01,0.03570682259033394,0.0369374636050102,0.03733370469310163,0.03773425734656881,0.03284913189441003,0.028662953056154863,0.028765821437986262,0.029425770796351197,0.028721505586224962,0.0391839,0.0365847,0.0342999,0.0322747,0.0285012
2024-10-02,0.03567377838804266,0.036904496516056866,0.037301250617244916,0.037702310431148064,0.03282366924285593,0.028644799968570223,0.028750935910729143,0.02941387541556125,0.02871064145343395,0.0391432,0.036585,0.0343622,0.0324543,0.0290226
2024-10-03,0.035644550217018844,0.036875336548600084,0.03727254441669914,0.03767405282074612,0.032801147073171465,0.028628743236589434,0.028737769397442055,0.029403353741672196,0.028701031938591866,0.0391072,0.0367146,0.0346342,0.0328888,0.0296976
2024-10-04,0.035670693187071265,0.036901418514563175,0.037298220513541855,0.03769932767879763,0.03282129189929309,0.028643105088952223,0.02874954611004605,0.029412764792706957,0.02870962711409423,0.0391394,0.0373785,0.0356718,0.0342675,0.0312998
2024-10-07,0.03570349380689399,0.03693414259000471,0.03733043535775937,0.037731039101307914,0.03284656685650954,0.02866112436385604,0.028764321910603123,0.029424572488066972,0.028720411162947393,0.0391798,0.0377092,0.0361716,0.0349085,0.0318524
2024-10-08,0.035509777281741005,0.036740878049367834,0.03714017823990859,0.03754375509615415,0.032697295786121953,0.028554704506268222,0.02867705770580512,0.02935483760607677,0.028656721853376838,0.0389412,0.0374115,0.0358502,0.0346026,0.0316832
2024-10-09,0.03542615427519966,0.036657450096636804,0.037058048496436014,0.037462908751220644,0.03263285871590502,0.02850876534504409,0.028639387664431165,0.029324734610563896,0.028629228622613682,0.0388382,0.0372924,0.0358044,0.034554,0.0315251
2024-10-10,0.03501365421808646,0.03624591170312652,0.036652913744706236,0.03706410458360403,0.032314998725557785,0.028282152988582568,0.028453566207838375,0.02917624061004684,0.028493608465674447,0.0383301,0.0366846,0.0351486,0.0338624,0.0309598
2024-10-11,0.03473893683184727,0.03597183429804862,0.03638310082986309,0.03679850750527708,0.03210330862255077,0.028131232260204135,0.02832981196162869,0.029077346057849795,0.028403287890565163,0.0379917,0.0364473,0.0348069,0.0334428,0.0305205
2024-10-15,0.034152109733596094,0.03538637301515027,0.035806748395996846,0.036231159994221676,0.03165111152226367,0.0278088457319692,0.028065457419171477,0.028866095410802088,0.028210352850940534,0.0372688,0.0355025,0.0338366,0.0325385,0.0298871
2024-10-16,0.03400681004196064,0.03524141123810534,0.03566404186821086,0.03609068298408279,0.03153914581474765,0.027729021490778195,0.02800000230797213,0.02881378911141352,0.02816258166964866,0.0370898,0.0354241,0.0336972,0.032344,0.0295483
2024-10-17,0.03392937208832003,0.03516415333430686,0.03558798588722245,0.036015815212278215,0.031479473204894366,0.02768647879532061,0.027965117733762583,0.02878591226764781,0.028137121853724155,0.0369944,0.0354086,0.0337305,0.0324391,0.0298136
2024-10-18,0.03375956323632329,0.034994739198026405,0.03542120732425662,0.03585164215116901,0.031348620588572296,0.027593189330228834,0.02788862139558877,0.028724782810780516,0.02808129259877245,0.0367852,0.035177,0.0334937,0.0321737,0.0294583
2024-10-21,0.03346313709432025,0.03469900174645331,0.03513007049217795,0.03556505344544073,0.031120197330895098,0.027430338141768547,0.02775508542769816,0.028618072197890563,0.027983834435022226,0.03642,0.0352149,0.0336226,0.0321988,0.0300313
2024-10-22,0.03319577876908347,0.03443226420338745,0.034867482254794725,0.03530656716918621,0.030914172470204122,0.027283455407931326,0.027634643636334996,0.02852182548306258,0.02789593305436332,0.0360906,0.0349418,0.0334606,0.0321428,0.029983
2024-10-23,0.032590644360619134,0.0338285335505211,0.03427314246607854,0.03472151108947023,0.030447855723977846,0.02695100037326511,0.027362035991280512,0.028303981415333884,0.027696978338578353,0.035345,0.0343484,0.0330117,0.0318641,0.0301867
2024-10-24,0.032342549509990014,0.03358101368959915,0.03402947245742345,0.0344816470027824,0.03025667236397405,0.02681469820666725,0.02725027080061987,0.02821466870059626,0.02761541020290357,0.0350393,0.0343659,0.0330655,0.0319842,0.030437
2024-10-25,0.03240414641916182,0.033642467869076875,0.03408997081000825,0.03454120043539367,0.030304139382557466,0.026848539331609023,0.02727801986269631,0.028236843250906925,0.027635661917253387,0.0351152,0.0342965,0.0330076,0.0319505,0.0305229
2024-10-28,0.032409746162182146,0.03364805463567919,0.03409547068245241,0.0345466144052247,0.030308454582077905,0.026851615808501067,0.027280542514314013,0.028238859127155232,0.02763750298995419,0.0351221,0.0342049,0.0329555,0.0319578,0.0305492
2024-10-29,0.0323452276264095,0.03358368560079544,0.034032102811266014,0.03448423627348222,0.030258736140675813,0.026816169555317727,0.027251477277549493,0.028215632808108536,0.02761629070896905,0.0350426,0.0341704,0.0329255,0.0319097,0.0304059
2024-10-30,0.0323479057437441,0.033586357512869064,0.03403473316595524,0.034486825544998295,0.030260799917988024,0.0268176409043871,0.027252683754845505,0.028216596915927247,0.027617171215330354,0.0350459,0.0340381,0.0327704,0.0318864,0.0294564
2024-10-31,0.032386535659217494,0.033624897917950064,0.03407267413383851,0.03452417391585122,0.030290568410155934,0.026838864046653102,0.027270086316599558,0.028230503474915868,0.027629871885449957,0.0350935,0.0339916,0.0327899,0.0318157,0.0302876
2024-11-01,0.032414777818743384,0.033653074632129715,0.03410041259997981,0.03455147913478348,0.030312332010010372,0.02685438018060385,0.027282809246119394,0.028240670495361657,0.02763915728826677,0.0351283,0.0339412,0.0328039,0.0319295,0.0306289
2024-11-04,0.03239181076749201,0.03363016080255666,0.03407785516203023,0.034529274021688774,0.03029463344520291,0.02684176217158299,0.02727246272275454,0.028232402484767355,0.02763160622543162,0.0351,0.0338784,0.0327363,0.0318855,0.0305853
2024-11-05,0.032375904297944624,0.03361429119162397,0.03406223237931019,0.03451389525063217,0.030282375808257676,0.026833023215194228,0.027265296948514116,0.028226676243289235,0.027626376526820484,0.0350804,0.0339332,0.0329276,0.0322151,0.0310131
2024-11-06,0.032338735224548124,0.03357720824183413,0.03402572619735174,0.03447795925501304,0.030253733046695076,0.026812602650221548,0.027248552485625327,0.028213295578304758,0.027614156149321008,0.0350346,0.0339636,0.0329771,0.0322843,0.0311911
2024-11-07,0.03230237787351127,0.03354093512693343,0.03399001725138458,0.034442808040237145,0.030225715786701073,0.026792628027177655,0.027232173690641466,0.02820020712468441,0.02760220264742036,0.0349898,0.0338198,0.0328071,0.0319649,0.0303223
2024-11-08,0.03229117854489276,0.03352976174465018,0.03397901765214335,0.0344319802409932,0.030217085492672033,0.02678647514545414,0.027227128450433097,0.028196175424902374,0.02759852055290801,0.034976,0.0338234,0.0327373,0.0318901,0.0303747
2024-11-12,0.03227178264405625,0.033510410778294725,0.03395996765659954,0.034413227781868325,0.030202138849281433,0.026775819085016188,0.027218390694504727,0.02818919300100048,0.027592143604360294,0.0349521,0.0338205,0.0329079,0.032304,0.0311656
2024-11-13,0.03231406414652295,0.03355259432480375,0.03400149510985678,0.034454106628580256,0.03023472132228683,0.026799048433308006,0.027237438295950846,0.0282044141214747,0.02760604483851401,0.0350042,0.0337979,0.0328722,0.0322783,0.0312062
2024-11-14,0.03226934801554279,0.03350798178995267,0.033957576446906855,0.03441087391973066,0.030200262703837348,0.026774481505760186,0.02721729390641519,0.02818831654725281,0.027591343151663793,0.0349491,0.0337652,0.0328193,0.0322658,0.0312781
2024-11-15,0.03229336971662411,0.033531947839976636,0.033981169746482034,0.03443409872233076,0.030218774027620326,0.02678767896956276,0.027228115562143624,0.02819696423530763,0.027599240962296837,0.0349787,0.033852,0.032883,0.0322381,0.0309362
2024-11-18,0.032222522140957804,0.03346126438858759,0.03391158564996753,0.03436560143587826,0.030164178271293758,0.026748755465431484,0.027196199074410305,0.028171459469449926,0.027575947825705396,0.0348914,0.033756,0.0328698,0.0323233,0.0310958
2024-11-19,0.03219614720478668,0.03343495054576422,0.03388568106894184,0.03434010144652083,0.03014385349977157,0.026734265117815275,0.027184317285939653,0.028161964622851046,0.02756727632143824,0.0348589,0.0336931,0.0329667,0.0323921,0.0315756
2024-11-20,0.032149078308470545,0.03338799066846902,0.033839451559158004,0.03429459396992706,0.03010758174694233,0.026708405521485387,0.027163112951736932,0.02814502004738747,0.027551801092809428,0.0348009,0.0336762,0.0330528,0.0326039,0.0321412
2024-11-21,0.03201947799782664,0.03325869047573796,0.033712162346650254,0.034169292789940464,0.03000771032608665,0.026637203129226746,0.02710472849913135,0.028098364524445543,0.027509191323438625,0.0346412,0.0339836,0.0334168,0.0330876,0.0332519
2024-11-22,0.031986449332111797,0.03322573828177661,0.03367972264524655,0.0341373597329058,0.02998225803854146,0.02661905715356782,0.02708984919224719,0.028086474346253526,0.02749833221309734,0.0346005,0.034101,0.0335859,0.0332514,0.0330319
2024-11-25,0.03175371073982087,0.03299353839872523,0.033451134002590324,0.033912341121448975,0.029802906467966475,0.02649119002103166,0.026985001012721367,0.028002689350681266,0.02742181278010923,0.0343137,0.0338323,0.0333061,0.0328989,0.032012
2024-11-26,0.03176774951758989,0.033007544689221645,0.03346492246680888,0.03392591424510413,0.029813724964107384,0.02649890297666324,0.026991325458370043,0.028007743261455546,0.027426428428745212,0.034331,0.0336866,0.0331019,0.0326509,0.0316623
2024-11-27,0.031644971925709295,0.03288505118495855,0.033344333969603256,0.033807209015975656,0.029719110592110895,0.02643144844249106,0.026936014318113946,0.027963543737448318,0.0273860617885905,0.0341797,0.0335091,0.0328778,0.0323897,0.0313493
2024-11-28,0.0316193292610566,0.03285946784384498,0.03331914849360553,0.03378241686483466,0.029699349920294008,0.026417360230585614,0.026924462319951867,0.027954312457505612,0.027377631028831,0.0341481,0.0334466,0.0327753,0.0322533,0.031143
2024-11-29,0.03139487837947541,0.03263553608305297,0.03309869919163888,0.033565410281089204,0.029526383897443623,0.02629404543304746,0.026823347213122413,0.02787351074450283,0.027303836359191577,0.0338715,0.0328562,0.0321549,0.0314526,0.0295715
2024-12-02,0.03134959947985799,0.03259036187627194,0.033054227493825236,0.03352163307538225,0.029491491054774076,0.026269168834963125,0.02680294903286865,0.027857210442971705,0.027288949617025084,0.0338157,0.0327582,0.0320669,0.0314332,0.0297857
2024-12-03,0.03130902721142713,0.032549883409447894,0.03301437850787639,0.03348240638680568,0.029460225214986098,0.026246878078207594,0.026784671182561615,0.0278426045124437,0.027275610314174928,0.0337657,0.0326324,0.0320284,0.0315289,0.0300712
2024-12-04,0.03120881460869471,0.03244990245950666,0.03291595234553346,0.03338551726906791,0.02938299919126889,0.026191820321133347,0.026739525252752704,0.02780652816551238,0.027242662527168934,0.0336422,0.032424,0.0318619,0.0312993,0.0295215
2024-12-05,0.030792154898709272,0.03203420536990405,0.03250671943863985,0.03298267477534138,0.029061910681593688,0.02596290225390159,0.02655181873128243,0.02765653111464185,0.02710567353978872,0.0331287,0.0323599,0.0317738,0.0311951,0.029709
2024-12-06,0.03023645377566074,0.03147978675399935,0.03196092151489475,0.032445399160772354,0.02863366977153209,0.025657589930569227,0.026301471883110383,0.027456478436572333,0.026922970457338484,0.0324438,0.0314723,0.0307718,0.030077,0.0282933
2024-12-09,0.029699938175917814,0.030944507924674784,0.03143396507628929,0.03192667013070897,0.028220209960594343,0.025362815054677842,0.0260597663584144,0.027263331616022825,0.026746574973531497,0.0317825,0.0311056,0.0304873,0.0298955,0.0285439
2024-12-10,0.029372513778363203,0.03061783759848976,0.031112373408489068,0.03161009915763212,0.02796788210098975,0.025182918376262395,0.02591225755972674,0.027145457643731972,0.026638924350765973,0.0313789,0.0309924,0.0304011,0.0298262,0.0283198
2024-12-11,0.029421756365014876,0.030666966811611553,0.0311607388388101,0.03165770952242854,0.02800583072742461,0.025209973794526875,0.025934442006620463,0.027163185175758157,0.02665511433763955,0.0314396,0.0310354,0.030518,0.030031,0.0289036
2024-12-12,0.029451366965690957,0.030696509232592595,0.031189821978483377,0.03168633862269164,0.02802865001738679,0.025226242771603062,0.025947781972588603,0.027173845109017873,0.026664849715660625,0.0314761,0.0310539,0.0305859,0.0301638,0.0293392
2024-12-13,0.02946726749882869,0.03071237315226025,0.03120543926883242,0.03170171209856258,0.02804090369432173,0.025234979010578196,0.025954945370071043,0.02717956936262223,0.026670077495231287,0.0314957,0.0310891,0.0306908,0.0303435,0.0296388
2024-12-16,0.02950572096240297,0.030750738065503824,0.031243207737314448,0.031738890929639815,0.02807053767551189,0.025256106506731116,0.025972269150059072,0.02719341275530685,0.026682720229777017,0.0315431,0.031197,0.030815,0.0304737,0.0296184
2024-12-17,0.029458019225627026,0.030703146174810517,0.03119635573917919,0.03169277037950157,0.02803377655307626,0.025229897726927405,0.02595077890261588,0.027176239948496307,0.026667036846660302,0.0314843,0.0310074,0.0306389,0.030317,0.0294937
2024-12-18,0.029323920491433793,0.030569356178341674,0.03106464569464233,0.031563116547787914,0.027930433823667833,0.025156219675760417,0.025890365615861895,0.02712796385462251,0.02662294783910322,0.031319,0.0311442,0.0307694,0.0304801,0.0300169
2024-12-19,0.02930534317092321,0.03055082162164124,0.03104639928008574,0.031545154986706236,0.02791611725660039,0.02514601269651085,0.0258819962735597,0.02712127593855214,0.026616839983102904,0.0312961,0.0312997,0.0310099,0.0307762,0.0303307
2024-12-20,0.029312482048700805,0.030557944066379565,0.03105341099788669,0.03155205724133628,0.02792161881601324,0.0251499350267618,0.025885212437946628,0.02712384596568932,0.026619187105120776,0.0313049,0.031219,0.030909,0.0306378,0.0299609
2024-12-23,0.029355315452023256,0.030600678865823145,0.031095481431127458,0.03159347089101243,0.02795462826365029,0.025173469070822678,0.02590450947898147,0.027139266174273508,0.02663326988140454,0.0313577,0.0312249,0.0309015,0.0305964,0.0297724
2024-12-24,0.029390280013627774,0.030635562931105018,0.031129823176512406,0.03162727650616608,0.027981573591489,0.025192679705224312,0.02592026148920494,0.0271518535617829,0.02664476553712474,0.0314008,0.0311715,0.0308541,0.0305587,0.029763
2024-12-27,0.02935304397778297,0.03059841262081935,0.0310932504178618,0.03159127470737361,0.027952877758715335,0.02517222105064197,0.02590348614869272,0.02713844843396975,0.02663252306560917,0.0313549,0.0309515,0.0305155,0.0301721,0.0295448
2024-12-30,0.02937957159302673,0.030624879164354867,0.031119305503650555,0.031616923031512895,0.027973321183037865,0.025186796162271416,0.02591543720101227,0.027147998486273438,0.026641244820499378,0.0313876,0.0308196,0.0303918,0.0299996,0.0290803
2024-12-31,0.0294096687821229,0.030654907059649836,0.031148866573208235,0.03164602260335266,0.027996515477097215,0.02520333250080644,0.025928996389560616,0.02715883359733981,0.026651140180027698,0.0314247,0.0306936,0.0301685,0.0296991,0.0286496
2025-01-02,0.029368538690145773,0.030613871661778806,0.031108469127597835,0.031606255828863464,0.027964818711818933,0.0251807343371482,0.02591046672839959,0.027144026595422078,0.026637617420441947,0.031374,0.0305937,0.0300619,0.0296083,0.0287168
2025-01-03,0.0292608064553605,0.030506387419767134,0.031002655858386612,0.03150209446104488,0.02788179512600758,0.025121542771637667,0.02586193185229273,0.02710524252300181,0.026602197189831815,0.0312412,0.0304383,0.0299079,0.029489,0.0286231
2025-01-06,0.029231439943587782,0.030477088497819438,0.030973812418906434,0.03147370130542427,0.027859163868211335,0.025105407839064724,0.025848701815785746,0.02709467044475744,0.02659254205946183,0.031205,0.0304354,0.0299505,0.0294996,0.0284353
2025-01-07,0.029185362323857676,0.03043111692146716,0.030928555514790835,0.03142915091667741,0.027823654197402868,0.02508009125087856,0.025827943173331522,0.027078082285811295,0.02657739264488322,0.0311482,0.0304353,0.0299581,0.0295684,0.0287474
2025-01-08,0.029162566981940113,0.030408374037010924,0.030906166188417263,0.031407111113063435,0.027806086979942544,0.02506756671704386,0.025817673532953705,0.02706987585341949,0.026569897984510975,0.0311201,0.0304088,0.0299773,0.0296123,0.0288144
2025-01-09,0.029113001538650114,0.030358922646573767,0.03085748355895026,0.03135918847031793,0.027767889375159227,0.025040333760752546,0.02579534355249745,0.027052032050415835,0.026553601839720276,0.031059,0.030367,0.029933,0.02957,0.028897
2025-01-10,0.029301530363867012,0.030547017591211836,0.03104265438781766,0.03154146855763405,0.02791317892551052,0.025143917816801704,0.025880278550465853,0.027119903311314766,0.02661558640743244,0.0312914,0.0309027,0.0305976,0.0304579,0.0301399
2025-01-13,0.029446256086895328,0.030691410122129236,0.031184802141499875,0.03168139715441982,0.02802471134008814,0.02522343469792789,0.025945479454714093,0.02717200517265507,0.02666316936015773,0.0314698,0.0312241,0.0309769,0.0308131,0.0308118
2025-01-14,0.02926624170580399,0.030511810159992922,0.03100799429620412,0.03150734955863089,0.027885983792274527,0.025124529076840936,0.02586438051029354,0.027107199237660126,0.02660398419300318,0.0312479,0.0312215,0.0310613,0.0309599,0.0309255
2025-01-15,0.02910634957177374,0.03035228598531361,0.030850950069393514,0.03135275697491272,0.02776276303496155,0.02503667893957737,0.02579234673980237,0.02704963730907175,0.026551414803456894,0.0310508,0.0307001,0.030524,0.0303536,0.0297774
2025-01-16,0.02888627000004231,0.030132712673927264,0.03063479012481556,0.031139971438325878,0.02759315831933442,0.02491575930227944,0.025693197370976213,0.026970407482452417,0.02647905693848003,0.0307795,0.030332,0.0300588,0.0297816,0.0289634
2025-01-17,0.028743258098162725,0.02999002962038245,0.030494325082442285,0.03100169909130928,0.02748294559790696,0.024837183112457542,0.025628768054407624,0.026918922347104836,0.026432037399916765,0.0306032,0.0301815,0.029927,0.0296542,0.0287281
2025-01-20,0.028693208605420708,0.029940095189752505,0.030445166872146184,0.030953308241707393,0.027444374682699967,0.024809683956929483,0.02560621986789681,0.026900904216496643,0.026415582094381336,0.0305415,0.0302208,0.0300009,0.0297241,0.0286265
2025-01-21,0.02853203032222425,0.029779287365268633,0.0302868587313945,0.030797471253540636,0.027320161532388212,0.02472112608330218,0.025533606076060898,0.026842878971191007,0.026362589779167327,0.0303428,0.029929,0.0296355,0.0293742,0.0285946
2025-01-22,0.028523999885573144,0.029771275382715578,0.030278971289814285,0.030789706931426485,0.027313972812272172,0.024716713828361332,0.025529988211761074,0.026839987958834896,0.02635994952578452,0.0303329,0.0301079,0.0298248,0.0296147,0.0290512
2025-01-23,0.028484821206688448,0.029732186732583404,0.030240490244713612,0.030751826556161314,0.027283779438372693,0.024695187426503146,0.025512337466555686,0.026825883362344982,0.02634706832776455,0.0302846,0.0299674,0.0297085,0.029513,0.0289346
2025-01-24,0.02824529205631261,0.02949320783039563,0.03000522601885969,0.030520234606970204,0.027099183869950243,0.024563579720251204,0.025404424782943948,0.026739651097506822,0.026268315714698846,0.0299893,0.0297645,0.029545,0.0293244,0.0284911
2025-01-27,0.028034888817847235,0.029283287696083033,0.02979856876035649,0.03031680298092797,0.026937033854598356,0.024447974499190533,0.025309633603284053,0.026663904224242467,0.026199139112241025,0.0297299,0.0293623,0.0291654,0.0289472,0.028021
2025-01-28,0.027794400137108474,0.029043350928212044,0.029562361300465505,0.03008428226103035,0.02675169738115899,0.024315838316746705,0.025201287938146605,0.026577326173467905,0.026120070947605423,0.0294334,0.0291335,0.0289429,0.0287092,0.0277277
2025-01-29,0.0274771934832155,0.028726871811511293,0.02925080096996028,0.029777584570429685,0.026507235796109745,0.02414154851099077,0.025058378500258036,0.026463128690095778,0.026015779290956817,0.0290423,0.0287488,0.0285879,0.0283595,0.0273653
2025-01-30,0.02731685126221725,0.028566897156639088,0.029093312584438123,0.02962255407386603,0.026383664383781674,0.024053447720943984,0.02498614012125859,0.026405403806623866,0.025963061719588294,0.0288446,0.0284877,0.0282871,0.0280047,0.0267856
2025-01-31,0.027106391875139635,0.028356920029108286,0.0288865987542126,0.02941906629042511,0.026221468510821654,0.023937809360347367,0.024891322393506526,0.026329636091665866,0.02589386651886186,0.0285851,0.0278078,0.0274814,0.027135,0.026059
2025-02-03,0.026418362990317815,0.027670466195505856,0.028210812504698427,0.02875382585084943,0.025691217481101272,0.023559763526460678,0.02458134452420846,0.026081937064371535,0.0256676549761262,0.0277367,0.0269478,0.0265923,0.0262287,0.0250983
2025-02-04,0.02682457169337114,0.028075745281715036,0.028609793635950384,0.029146580921163096,0.02600427571045444,0.02378296050660267,0.02476435422546186,0.026228177475787845,0.02580120914394176,0.0282376,0.0274206,0.0270041,0.0266146,0.0255308
2025-02-05,0.026792294806544232,0.028043542291274242,0.02857809108780863,0.02911537310261699,0.025979400535426744,0.023765225596225535,0.024749812519044075,0.026216557396514798,0.025790597084180966,0.0281978,0.0274236,0.0269985,0.0265853,0.0253668
2025-02-06,0.02672441646128046,0.02797581933328923,0.028511420552971362,0.029049742977151148,0.02592708795706304,0.023727929011153306,0.024719231265114074,0.026192120340063282,0.02576827990292401,0.0281141,0.0274732,0.0270502,0.0266376,0.0253976
2025-02-07,0.02713842675390921,0.02838888151543302,0.028918063527361676,0.02945004002041122,0.0262461570417567,0.02395541117873628,0.02490575500357066,0.026341169012718334,0.02590439900363871,0.0286246,0.0279632,0.0276323,0.0273763,0.0264848
2025-02-10,0.026939244925608685,0.028190155933090377,0.02872242629796414,0.02925745589001102,0.02609265205040632,0.023845968947309178,0.024816017904899103,0.02626946123349097,0.02583891163391039,0.028379,0.0277878,0.0274272,0.027134,0.0262183
2025-02-11,0.02690364251878699,0.02815463505632497,0.02868745743382222,0.02922303273714667,0.026065214014429718,0.0238264068384874,0.02479997797768243,0.026256643938735134,0.02582720620583348,0.0283351,0.0278323,0.0275424,0.0273391,0.0266093
2025-02-12,0.02700104265408435,0.028251812128824327,0.028783124317673763,0.02931720667145071,0.026140278237234672,0.023879924309933902,0.024843859572604272,0.026291709149503344,0.025859229608313127,0.0284552,0.0279891,0.0277522,0.0276901,0.0273234
2025-02-13,0.027009882526525097,0.028260631754120653,0.028791806879708875,0.02932575373482301,0.026147090933613414,0.0238847814601176,0.024847842189335896,0.026294891607539818,0.02586213599812402,0.0284661,0.0279083,0.0276452,0.0274986,0.0268692
2025-02-14,0.027094632268996336,0.028345187363136817,0.028875048424886914,0.029407696216357616,0.026212405654322923,0.023931347948403348,0.02488602435994576,0.02632540249875171,0.025890000174325647,0.0285706,0.0279383,0.0276901,0.0274991,0.0267719
2025-02-18,0.027274677829563568,0.028524820380457932,0.02905188974043995,0.02958177769746148,0.02635116240354292,0.0240302752793111,0.02496713985557525,0.026390220914243243,0.02594919586807147,0.0287926,0.0283507,0.0281528,0.0280801,0.0276239
2025-02-19,0.02732731355280196,0.028577335467530884,0.02910358866866751,0.02963266978323549,0.026391727398498377,0.024059196285066572,0.024990853662790517,0.026409170343628267,0.02596650152873977,0.0288575,0.0284975,0.028274,0.0281063,0.0275613
2025-02-20,0.027218068463708188,0.02846834074257825,0.028996287868791847,0.02952704357237206,0.026307534983735642,0.02399917089617042,0.024941635795807306,0.026369840920623947,0.025930583744392874,0.0287228,0.0286473,0.0284097,0.0280409,0.025135
2025-02-21,0.027165027968070708,0.028415421781880158,0.028944191329909445,0.029475760067352013,0.026266657964290584,0.02397002741784399,0.02491773959055428,0.02635074575014737,0.025913144997891144,0.0286574,0.0283363,0.0280456,0.0277814,0.0269249
2025-02-24,0.02719503554377614,0.028445360601109755,0.028973664866104802,0.02950477363172785,0.026289784077338445,0.023986515298216105,0.024931258832730337,0.0263615488134614,0.025923010941119717,0.0286944,0.0284293,0.0281268,0.0277675,0.0265414
2025-02-25,0.026911509095877473,0.02816248361937724,0.028695184026442902,0.029230638751656473,0.026071276623559403,0.023830729211504996,0.02480352210180581,0.026259476001473873,0.025829792594319587,0.0283448,0.0278768,0.0275187,0.0271637,0.0260406
2025-02-26,0.026934135686430903,0.028185058394536687,0.02871740797795639,0.02925251588425297,0.026088714466850176,0.02384316162417518,0.024813716043477742,0.026267621846172703,0.02583723180844049,0.0283727,0.027921,0.0275638,0.0272137,0.0261625
2025-02-27,0.026839412618167965,0.02809055222718302,0.028624370477055502,0.029160930284613484,0.026015713320732013,0.02379111502101923,0.024771040505343643,0.026233520391518342,0.02580608857279562,0.0282559,0.0276107,0.0271949,0.026847,0.0258987
2025-02-28,0.026776399705164513,0.028027683579059617,0.028562478822926472,0.029100004471790265,0.025967150481863308,0.023756491843657856,0.024742651296272435,0.026210834961795902,0.025785371060513977,0.0281782,0.0275032,0.0269527,0.0264779,0.0253239
2025-03-03,0.026736094414235734,0.027987470554680687,0.028522890713720685,0.029061034144132514,0.025936087942575445,0.023734345608746855,0.024724492539325762,0.026196324550788797,0.025772119404424802,0.0281285,0.0274159,0.0268795,0.0261985,0.0243148
2025-03-04,0.02602563623208324,0.02727863741843535,0.027825072294503674,0.02837410470187462,0.025388547483197174,0.023343972548496565,0.024404407854354278,0.025940549824052035,0.02553853332043721,0.0272524,0.0264085,0.0258056,0.0253095,0.0242797
2025-03-05,0.026090102724823216,0.027342956559408597,0.027888392015434367,0.02843643641203624,0.025438231208170167,0.023379394978787913,0.02443345225467041,0.025963758715901997,0.025559728777669946,0.0273319,0.0268587,0.0263696,0.0259792,0.0250926
2025-03-06,0.026155056294264577,0.02740776164281344,0.027952190118007706,0.028499239029313894,0.025488290262958915,0.023415084994050674,0.024462716073059734,0.025987142949065106,0.02558108437425475,0.027412,0.0272245,0.0268827,0.0266675,0.0260377
2025-03-07,0.02605442309088498,0.027307358481359602,0.02785334707772098,0.02840193830007312,0.02541073325371384,0.02335979008166636,0.024417377340169147,0.025950913521077503,0.02554799793735684,0.0272879,0.026918,0.0265431,0.0262855,0.0256203
2025-03-10,0.025850241406135472,0.02710364338948993,0.0276527973522855,0.028204517805322835,0.025253372047382774,0.023247598034756276,0.024325386241490568,0.025877405022270136,0.025480866549216784,0.0270361,0.0266273,0.0261889,0.0258566,0.0250537
2025-03-11,0.025486327928955287,0.026740561006486793,0.027295356371197465,0.027852653822787555,0.0249729054455297,0.023047636684846495,0.02416142963611809,0.025746390326765546,0.025361218051868126,0.0265873,0.0262843,0.0257853,0.0253795,0.0249897
2025-03-12,0.025403784847340405,0.026658206342297146,0.027214281250909023,0.027772843638650645,0.024909289592123893,0.023002281110874018,0.024124240778593598,0.02571667343266719,0.025334079292165607,0.0264855,0.0264046,0.0260569,0.0257918,0.0255542
2025-03-13,0.02538708173637344,0.02664154135464648,0.027197875185095578,0.027756693538716272,0.024896416513676883,0.022993103115912947,0.024116715374398245,0.025710660029847895,0.02532858759311353,0.0264649,0.0263186,0.0259165,0.0256191,0.0253356
2025-03-14,0.025355540522135893,0.026610072126538868,0.02716689488865536,0.027726196592089317,0.024872107707112318,0.02297577189809946,0.02410250481997446,0.025699304656118003,0.02531821737731161,0.026426,0.0263231,0.0259112,0.0256126,0.0254037
2025-03-17,0.025341513236346223,0.026596076853459383,0.02715311705682536,0.027712633719102136,0.024861296876944473,0.022968064202964218,0.024096184975365004,0.025694254593562685,0.025313605443643902,0.0264087,0.0262607,0.0258298,0.0255219,0.0252081
2025-03-18,0.025441894020419128,0.02669622852948138,0.027251712689623127,0.027809691073109388,0.024938660297048144,0.023023221257572148,0.02414141044355416,0.025730393377005386,0.025346608939953046,0.0265325,0.0263713,0.025955,0.0256289,0.0251415
2025-03-19,0.025410839084527095,0.026665244478417678,0.027221210036186067,0.027779664321477368,0.02491472628773881,0.0230061572592797,0.02412741898756614,0.02571921307725017,0.02533639860542174,0.0264942,0.026356,0.0258983,0.0255159,0.024862
2025-03-20,0.025405325427332582,0.026659743405986945,0.02721579443339832,0.027774333212576868,0.024910476916091474,0.023003127625794585,0.02412493486999095,0.02571722806750928,0.025334585808678242,0.0264874,0.0263324,0.025872,0.0255154,0.0250227
2025-03-21,0.025362432550379652,0.026616948425613886,0.027173664352125683,0.02773286043963716,0.02487741939282105,0.022979558920158287,0.024105609949627706,0.025701785903811572,0.025320483359259915,0.0264345,0.0261779,0.0257187,0.0253732,0.0249303
2025-03-24,0.025455678235118687,0.026709981279310076,0.02726525176294167,0.02782301890932777,0.02494928377400437,0.02303079537411195,0.02414762076620395,0.025735355925371607,0.02535114095499426,0.0265495,0.026335,0.0258908,0.0255803,0.0251963
2025-03-25,0.025386108740717225,0.026640570579720583,0.027196919492958323,0.027755752757176243,0.024895666626345216,0.022992568475932916,0.02411627700177839,0.025710309734906095,0.0253282676886697,0.0264637,0.0262619,0.0258376,0.0255939,0.0254213
2025-03-26,0.025416677078732998,0.02667106914740468,0.027226944207762126,0.02778530902879684,0.024919225625249432,0.02300936510843793,0.02413004923140024,0.025721314853688153,0.0253383180386369,0.0265014,0.0263844,0.0260314,0.025872,0.025838
2025-03-27,0.025349297160614997,0.02660384301357793,0.02716076255600779,0.027720159934868014,0.024867295948260593,0.0229723413040453,0.02409969193991636,0.025697056939374165,0.025316164665946824,0.0264183,0.0262611,0.0258528,0.025583,0.025284
2025-03-28,0.02532910762304978,0.026583699551116353,0.027140932057312973,0.027700638827003188,0.024851735867712166,0.022961247580443468,0.024090595757019963,0.02568978836028573,0.02530952668827311,0.0263934,0.0261372,0.0256446,0.0252675,0.024762
2025-03-31,0.025239512111083003,0.02649430848302755,0.027052929823432503,0.027614009571708273,0.024782684523979623,0.022912016685150666,0.024050229413924658,0.025657532426643415,0.025280069199403045,0.0262829,0.0260154,0.0254505,0.0250141,0.0244009
2025-04-01,0.025162404034978124,0.026417376324244752,0.026977192914348913,0.02753945426668048,0.02472325717345259,0.022869647304262233,0.024015489116337052,0.025629772165184635,0.02525471736369318,0.0261878,0.0258769,0.0252366,0.0247636,0.0241229
2025-04-02,0.025070945598805492,0.026326126506414804,0.026887360772928876,0.027451023616585125,0.024652769869227945,0.02281939259058632,0.023974283353441116,0.025596845497313933,0.025224647366042914,0.026075,0.0258167,0.0252069,0.0247732,0.0242228
2025-04-03,0.025034297660260264,0.026289562150771793,0.026851364483240752,0.027415588907425386,0.024624525156705657,0.022799255200829985,0.023957771944473513,0.025583651578398404,0.02521259813774354,0.0260298,0.0256502,0.0248843,0.0244085,0.023875
2025-04-04,0.02467552989566582,0.02593161227355733,0.026498975567386864,0.027068697464364393,0.024348020468783357,0.02260211786989251,0.023796131803366302,0.025454488483744302,0.025094641256484074,0.0255873,0.0249963,0.0242638,0.0238811,0.0235923
2025-04-07,0.024700257993272353,0.025956284018808277,0.02652326403242547,0.027092607025086854,0.024367078631798503,0.022615705625031356,0.023807272889842516,0.025463391073921846,0.025102771447114543,0.0256178,0.0253988,0.0248073,0.0245745,0.0245266
2025-04-08,0.024713554445286168,0.02596955016854881,0.026536324089428083,0.027105463342301756,0.024377326321338287,0.022623011842587852,0.023813263519771824,0.025468178051265316,0.02510714310104814,0.0256342,0.0256072,0.0250747,0.0247624,0.0244531
2025-04-09,0.025292944967126415,0.026547619417912113,0.027105412489383685,0.027665673424668275,0.024823865288226138,0.022941376954411966,0.024074303047830647,0.02567676918191558,0.02529763701936058,0.0263488,0.0265125,0.0261791,0.0260589,0.0260476
2025-04-10,0.025195485009244723,0.026450381829939498,0.02700968563464788,0.02757144005583922,0.024748752757010613,0.022887824661655114,0.024030393433869885,0.025641681899182714,0.025265593830941395,0.0262286,0.0262866,0.0259993,0.025964,0.0260764
2025-04-11,0.0252989450374847,0.026553605796637677,0.027111305859908542,0.02767147484881951,0.024828489547062134,0.022944673869131682,0.024077006317818738,0.02567892931077656,0.025299609740956873,0.0263562,0.0264574,0.0261863,0.0262539,0.0266528
2025-04-14,0.025269836631032733,0.02652456381133137,0.027082715088622113,0.027643330140269085,0.0248060556713858,0.02292867939712923,0.02406389182252039,0.02566844978110306,0.025290039389271702,0.0263203,0.0262568,0.0259155,0.0257869,0.0256465
2025-04-15,0.025196782305203596,0.026451676166228826,0.027010959861610503,0.027572694403054605,0.024749752585718217,0.022888537500504708,0.02403097791805159,0.025642148948529276,0.025266020359990204,0.0262302,0.0259752,0.0255626,0.0253759,0.0252155
2025-04-16,0.025351891803758908,0.02660643173526736,0.027163311057327524,0.02772266867499173,0.02486929563984732,0.02297376700519345,0.02410086092878918,0.02569799105522095,0.025317017740604134,0.0264215,0.0260567,0.0256007,0.0253693,0.0250998
2025-04-17,0.02541578516266961,0.026670179267150266,0.0272260681535105,0.02778444664270489,0.024918538226275024,0.023008875020243034,0.024129647388479374,0.025720993748860166,0.02533802479180456,0.0265003,0.0260398,0.0255223,0.0252769,0.025104
2025-04-21,0.025424136744335493,0.026678511786076796,0.027234271210641196,0.02779252171602637,0.024924974782964064,0.02301346402970866,0.024133410101059686,0.025724000459037284,0.02534077064979448,0.0265106,0.026017,0.0255153,0.0253868,0.0254251
2025-04-22,0.02545843508097284,0.026712731832069715,0.027267959580301638,0.027825684479170908,0.02495140847133963,0.023032310198753916,0.02414886283190068,0.02573634843602072,0.025352047358944578,0.0265529,0.0260527,0.0256209,0.0254725,0.0253819
2025-04-23,0.025514383044968055,0.02676855207459676,0.027322912538567713,0.027879780054388122,0.024994527469041475,0.023063052324333408,0.02417406954331159,0.02575649063418586,0.025370442095200455,0.0266219,0.0261496,0.0257615,0.0257951,0.0260975
2025-04-24,0.025453570059532724,0.026707877916063442,0.027263181079684586,0.027820980532973553,0.024947659005891118,0.02302963697909754,0.02414667095152181,0.02573459694685942,0.02535044782277355,0.0265469,0.026063,0.0256373,0.0256107,0.0257535
2025-04-25,0.025480165547005953,0.026734412692306465,0.027289303583895762,0.02784669547179691,0.024968156108313884,0.02304425059679237,0.024158653245713518,0.02574417176664227,0.02535919196578134,0.0265797,0.0260559,0.0256227,0.0256098,0.0257462
2025-04-28,0.02544140751916754,0.026695743138736325,0.027251234840387092,0.027809220679285682,0.024938285351098606,0.02302295393601502,0.02414119125587357,0.025730218228388092,0.025346448986624432,0.0265319,0.0260624,0.02559,0.0254901,0.0254769
2025-04-29,0.025470354396286237,0.02672462393854223,0.027279666918642205,0.027837209158758543,0.024960594670217065,0.02303885959276447,0.02415423294394768,0.025740639588747144,0.0253559662266966,0.0265676,0.0260453,0.0255716,0.0254105,0.0252669
2025-04-30,0.02539770361349133,0.02665213898846671,0.02720830816487608,0.027766963744215646,0.024904602788964697,0.02299893960596456,0.024121500945316315,0.025714484085598215,0.025332079885836446,0.026478,0.0258085,0.0252586,0.0249453,0.0245708
2025-05-01,0.02537224356576432,0.026626737049631748,0.02718330089216714,0.027742346631958754,0.024884980740639703,0.022984949862236065,0.024110030197209503,0.02570531803638823,0.02532370905459541,0.0264466,0.0257818,0.0252517,0.0250434,0.0248565
2025-05-02,0.02540175776886551,0.02665618389051682,0.02721229022174546,0.027770883673370505,0.024907727324053816,0.023001167275663786,0.02412332750062423,0.025715943650134996,0.02533341282321944,0.026483,0.0259003,0.0255009,0.0253803,0.0253435
2025-05-05,0.025380514018042286,0.026634988626147996,0.027191424265341758,0.027750343265415707,0.024891354775754604,0.022989494297122666,0.02411375636015438,0.025708295539777087,0.025326428238876774,0.0264568,0.0258668,0.0254336,0.0253755,0.0254258
2025-05-06,0.02534281055651988,0.02659737121296354,0.02715439130619152,0.027713888087916735,0.024862296721805066,0.022968777052898216,0.024096769469241577,0.02569472165101784,0.025314031980520534,0.0264103,0.0259729,0.0255378,0.0251807,0.0251934
2025-05-07,0.02524834999379828,0.02650312620076431,0.027061610544572005,0.027622554860276198,0.02478949589306901,0.022916872924530117,0.024054211234030686,0.025660714218397863,0.02528297494600298,0.0262938,0.0258379,0.0254382,0.0250996,0.0249518
2025-05-08,0.025221349888036374,0.026476187698642552,0.02703509057228907,0.027596448639670913,0.024768686868959326,0.022902036904808944,0.02404204660350235,0.025650993709129072,0.025274097766980447,0.0262605,0.0260178,0.0256956,0.025472,0.0257319
2025-05-09,0.02512632322988536,0.026381377825101426,0.026941753697855054,0.02750456794772582,0.024695449596794636,0.022849821583052835,0.023999233245626896,0.025616782435185968,0.025242854601707228,0.0261433,0.0257057,0.0252914,0.0249858,0.0251214
2025-05-12,0.02517140399206682,0.026426355750014573,0.02698603283279132,0.027548156270493358,0.02473019346268065,0.022874592608388845,0.02401954396188483,0.025633012308766374,0.025257676398099168,0.0261989,0.0258571,0.0255288,0.0253563,0.0257613
2025-05-13,0.02514926898105239,0.02640427123417921,0.02696429142894946,0.027526754061474458,0.024713133952920734,0.022862429841880763,0.024009571241085402,0.02562504331320668,0.025250398778945454,0.0261716,0.0257261,0.0254631,0.0253368,0.0257472
2025-05-14,0.02514975546413785,0.026404756607508312,0.02696476926137818,0.02752722443909426,0.02471350888675216,0.022862697155122277,0.024009790421492823,0.02562521845574084,0.02525055872640157,0.0261722,0.0256815,0.0253898,0.0252608,0.0258265
2025-05-15,0.024973001934370263,0.026228406206987853,0.026791158654613925,0.02735632234675984,0.024577284256326583,0.02276557425555578,0.023930155670711918,0.025561584001799954,0.02519244512772648,0.0259542,0.0254617,0.0251301,0.0249313,0.0252102
2025-05-16,0.02495313768180041,0.02620858724991944,0.026771647601782966,0.027337115682901047,0.02456197477401463,0.022754659181570262,0.0239212059936184,0.025554432506851747,0.025185914092975596,0.0259297,0.0254346,0.0251095,0.0249099,0.0252062
2025-05-20,0.0254161094957718,0.026670502859958773,0.027226386718682022,0.027784760237636923,0.02491878818953059,0.0230090532341267,0.02412979351317316,0.025721110514248222,0.025338131427012515,0.0265007,0.0259178,0.0257459,0.0257302,0.0262387
2025-05-21,0.025344513289574266,0.026599070060125733,0.027156063758786646,0.027715534447277094,0.02486360901840238,0.022969712668586027,0.024097536617585284,0.02569533466403705,0.02531459181027665,0.0264124,0.0260808,0.0259636,0.0260667,0.0269297
2025-05-22,0.025316377700443236,0.02657099867877442,0.027128428514641527,0.027688330361194387,0.02484192491109531,0.022954252754929967,0.024084860423506767,0.025685205369587773,0.025305341305385545,0.0263777,0.0260424,0.0258873,0.025964,0.0268552
2025-05-23,0.025310296534534368,0.026564931390078594,0.027122455491466916,0.027682450527361003,0.024837238153257092,0.022950911281120395,0.024082120617430678,0.025683016045269343,0.025303341921019157,0.0263702,0.0260319,0.0258529,0.0259276,0.0267692
2025-05-26,0.025290431425506115,0.026545111611919314,0.027102943646239955,0.027663243099554553,0.02482192809962607,0.022939995815087853,0.024073170597437247,0.025675864263526377,0.02529681060940424,0.0263457,0.0260276,0.0258272,0.025885,0.0266174
2025-05-27,0.02531589120699658,0.02657051329551199,0.027127950672626622,0.027687859974332558,0.02484154997035222,0.02295398543694558,0.024084641238951036,0.02568503022358405,0.025305181354580004,0.0263771,0.0259863,0.025748,0.0257341,0.0262715
2025-05-28,0.025403541597895686,0.02665796364805692,0.027214042327383742,0.027772608442792293,0.024909102119936986,0.0230021474506361,0.02412413118522617,0.02571658585875404,0.025333999315883104,0.0264852,0.025979,0.0257057,0.0256503,0.0260574
2025-05-29,0.025266187952625765,0.02652092345837932,0.027079131294274566,0.02763980225882414,0.024803243630783664,0.022926674522519647,0.02406224794733789,0.025667136193590418,0.025288839765485183,0.0263158,0.0259003,0.0256507,0.0255851,0.0258556
2025-05-30,0.025270728530457698,0.02652545367563445,0.02708359112747986,0.02764419251151982,0.024806743059261192,0.022929169477707824,0.024064293658779733,0.025668770880359487,0.025290332630725408,0.0263214,0.0258907,0.0256443,0.0255371,0.0257854
2025-06-02,0.02532935087018024,0.02658394224313789,0.027141170978697105,0.02770087402079726,0.0248519233383553,0.02296138123962203,0.024090705349460832,0.025689875933423926,0.025309606663807497,0.0263937,0.0259656,0.0256559,0.0255189,0.0256998
2025-06-03,0.0252985396271804,0.02655320131144968,0.02711090765906329,0.027671082860571884,0.024828177097044088,0.022944451104557236,0.02407682366438313,0.02567878335607525,0.025299476448910264,0.0263557,0.0259841,0.0257115,0.0256611,0.0261367
2025-06-04,0.0253173506874273,0.026571969445386288,0.027129384198755303,0.027689271134998996,0.024842674792642037,0.022954787390940295,0.024085298792654565,0.025685555661625607,0.02530566120702597,0.0263789,0.0260197,0.0257707,0.0256925,0.0259219
2025-06-05,0.025484462997063705,0.02673870033196751,0.02729352460614545,0.02785085063716248,0.024971468145767464,0.023046611947437772,0.02416058941250112,0.02574571892024094,0.025360604894071027,0.026585,0.0262535,0.0259805,0.0257922,0.026135
2025-06-06,0.025435326256075187,0.02668967575687021,0.02724526172729824,0.027803340758766126,0.024933598528432042,0.02301961241771934,0.02413845141088817,0.025728028871526677,0.02534444957084191,0.0265244,0.0264088,0.0262419,0.0261859,0.0269553
2025-06-09,0.02561071178125528,0.026864660869124073,0.027417528064438677,0.027972919359176885,0.025068767759968462,0.023115982673998593,0.024217469300007205,0.025791170558841572,0.02540211333543869,0.0267407,0.0265434,0.0263649,0.0263026,0.0269899
2025-06-10,0.025614603876335674,0.02686854407663934,0.027421350937031644,0.02797668258564561,0.02507176738431103,0.023118121285395664,0.024219222835510423,0.025792571776265785,0.0254033929895671,0.0267455,0.0265133,0.0263215,0.0262579,0.0269142
2025-06-11,0.025581034619931907,0.0268350514728558,0.02738837871981987,0.02794422481414074,0.025045895666825267,0.02309967579123865,0.02420409861728455,0.025780486297300783,0.02539235599329019,0.0267041,0.0264483,0.0262381,0.0261609,0.0267205
2025-06-12,0.025572926125488674,0.026826961492646406,0.027380414436126467,0.027936384791978037,0.025039646474109396,0.02309522036775319,0.02420044543312288,0.025777567106714923,0.025389690059141868,0.0266941,0.0264035,0.0262045,0.0261538,0.0267321
2025-06-13,0.02553181618796598,0.02678594541694962,0.027340035637433528,0.02789663599495072,0.025007963153295294,0.023072631429871517,0.024181923841192797,0.02576276685374368,0.025376173814809624,0.0266434,0.0265224,0.0262865,0.0262548,0.0271244
2025-06-16,0.025626523429563335,0.026880436411201424,0.027433058495490683,0.027988207477449092,0.025080953741894313,0.02312467078831236,0.024224593042811063,0.025796863008660485,0.025407311934228755,0.0267602,0.0266374,0.0264347,0.0264312,0.0272438
2025-06-17,0.025618333802604504,0.026872265485583222,0.02742501452494746,0.027980289012632012,0.02507464202551791,0.023120170788816164,0.024220903307761728,0.025793914610239024,0.025404619325360797,0.0267501,0.02666,0.0264865,0.026464,0.027003
2025-06-18,0.025562222925690662,0.026816282731105708,0.02736990159355578,0.027926035974200476,0.025031397548307695,0.023089339214642325,0.02419562323518105,0.025773713779450265,0.02538617103022556,0.0266809,0.0266547,0.0264732,0.0264184,0.0268002
2025-06-19,0.025552006248633,0.026806089380911457,0.027359866620102553,0.027916157569414266,0.02502352358279008,0.023083725392925143,0.024191020233523257,0.025770035607998655,0.025382811961584456,0.0266683,0.0266308,0.0264204,0.0263488,0.0267819
2025-06-20,0.025436785758786263,0.02669113192810479,0.027246695274040722,0.0278047519393063,0.02493472336558445,0.02302041438191297,0.024139108973512072,0.025728554317029063,0.02534492943049036,0.0265262,0.0264141,0.0261558,0.0260474,0.0263986
2025-06-23,0.025518680513820495,0.026772839732276368,0.027327133578206264,0.027883935236518265,0.024997839519032457,0.02306541368358215,0.024176005717624016,0.025758037794078145,0.02537185502956583,0.0266272,0.0263988,0.0260854,0.0259138,0.0261002
2025-06-24,0.02550473401972943,0.026758925077862768,0.02731343511790192,0.027870450502181968,0.024987090985175806,0.023057750408447392,0.024169722287449465,0.02575301682523201,0.02536726966044315,0.02661,0.0264461,0.0261316,0.02594,0.0260697
2025-06-25,0.025542924769114923,0.026797028635920574,0.027350946654061785,0.027907376775149945,0.025016524509801075,0.02307873533430331,0.024186928680978187,0.025766766126014286,0.025379826126412895,0.0266571,0.0264209,0.0261545,0.0260702,0.0264778
2025-06-26,0.025502301494236473,0.026756498105696778,0.027311045853925495,0.02786809851590609,0.024985216242596968,0.023056413791856856,0.02416862634134541,0.025752141075704487,0.025366469887582052,0.026607,0.0263679,0.0260713,0.0259343,0.0261921
2025-06-27,0.025418055494667316,0.02667244441708051,0.027228298109972404,0.02778664180748098,0.024920287969252393,0.02301012251755795,0.024130670261448918,0.025721811106671107,0.02533877123835154,0.0265031,0.0262758,0.0259439,0.0257882,0.0260371
2025-06-30,0.02545178621909599,0.026706098147587815,0.027261428963492946,0.027819255753377292,0.02494628420239895,0.023028656798903833,0.02414586726235303,0.025733954734420757,0.02534986132642253,0.0265447,0.0262659,0.0259301,0.0257682,0.0259422
2025-07-02,0.025478543868352313,0.026732794715663984,0.027287710745878525,0.02784512748541368,0.024966906283268912,0.02304335952135793,0.024157922616982665,0.02574358793530102,0.02535865878549297,0.0265777,0.0263423,0.026048,0.0260439,0.0266136
2025-07-03,0.02548965237386452,0.026743877862121627,0.027298621692527614,0.02785586819814611,0.024975467589319574,0.02304946339116673,0.024162927426485403,0.02574758718224381,0.02536231107264544,0.0265914,0.0263827,0.0261547,0.0262186,0.0269117
2025-07-04,0.025379703189001037,0.02663417964768758,0.02719062785584936,0.027749559281398665,0.02489072987009333,0.0229890487641137,0.024113391049906983,0.0257080036275507,0.025326161652057564,0.0264558,0.0262787,0.02606,0.0261101,0.0266753
2025-07-07,0.02539981177402372,0.026654242337281413,0.027210378834205583,0.02776900210714231,0.02490622754703614,0.023000097994088142,0.02412245075397146,0.025715243059069547,0.025332773013190847,0.0264806,0.0263689,0.0261761,0.0260995,0.026876
2025-07-08,0.025411974249725962,0.026666377052615847,0.02722232501367687,0.027780761903151836,0.024915601158693845,0.02300678100757096,0.02412793042373062,0.025719621755887757,0.02533677182843662,0.0264956,0.0263858,0.0261678,0.0260985,0.0270086
2025-07-09,0.025351972886371022,0.026606512632833448,0.027163390698006593,0.027722747073132967,0.024869358130218656,0.022973811558360674,0.024100897459697006,0.025698020246345807,0.025317044399191656,0.0264216,0.0263636,0.0261578,0.0260364,0.026542
2025-07-10,0.025372648979887894,0.026627141538481298,0.02718369909654599,0.027742738623613112,0.024885293193205482,0.022985172628558793,0.024110212852174233,0.025705463992368466,0.02532384234787666,0.0264471,0.0263809,0.0261778,0.0261138,0.0268594
2025-07-11,0.025375973376493617,0.026630458347807317,0.027186964373185688,0.027745952955885677,0.02488785530477345,0.02298699931276791,0.02411171062320229,0.02570666083167175,0.025324935353039084,0.0264512,0.0264843,0.0263471,0.0263726,0.0273934
2025-07-14,0.025536681258060863,0.02679079937960146,0.02734481418306601,0.02790133998454737,0.025011712651200023,0.023075304671799794,0.02418411574105156,0.025764518359197578,0.025377773366709096,0.0266494,0.0266464,0.0265026,0.0265597,0.0275384
2025-07-15,0.02567785069274959,0.026931646458914115,0.027483472867727548,0.02803783525780906,0.025120511460892607,0.02315287384481298,0.024247717896081024,0.025815341650276345,0.025424187456874452,0.0268235,0.0270632,0.0270371,0.0271653,0.0282591
2025-07-16,0.02560730619964815,0.026861263064070846,0.027414183052389244,0.027969626537433415,0.02506614308972817,0.023114111389753167,0.02421593495707776,0.02578994449412722,0.025400993638589747,0.0267365,0.026966,0.0269338,0.0270513,0.0280237
2025-07-17,0.025539843555244787,0.026793954456880407,0.027347920239228028,0.027904397579232215,0.02501414982592025,0.023077042279795762,0.02418554047660925,0.02576565683828584,0.025378813075968173,0.0266533,0.0269302,0.0268793,0.0270101,0.0280565
2025-07-18,0.02546581370259713,0.026720093610214254,0.02727520697824576,0.02783281880272005,0.024957095164454504,0.023036364584542238,0.024152187186120146,0.025739004863181994,0.02535447332400367,0.026562,0.02691,0.0268787,0.0270394,0.0281552
2025-07-21,0.025550708893770768,0.026804794988151186,0.02735859233864249,0.027914903169657994,0.02502252371478972,0.02308301252711232,0.024190435725758436,0.02576956853892764,0.02538238541349418,0.0266667,0.0269948,0.0269384,0.0270534,0.0278895
2025-07-22,0.025551114317142104,0.026805199485866613,0.027358990551577377,0.027915295169561215,0.02502283617352441,0.02308323529766825,0.02419061838442569,0.02576971449800459,0.02538251870976492,0.0266672,0.0269507,0.0268664,0.0269631,0.0277393
2025-07-23,0.025592873036909557,0.026846862858428883,0.027400006587974014,0.02795567125995882,0.0250550194982569,0.023106180716435172,0.024209432272202378,0.025784748320609376,0.02539624826202501,0.0267187,0.0270603,0.0269955,0.0271613,0.0281645
2025-07-24,0.025670066441601434,0.026923879985414702,0.02747582706611605,0.02803030875047182,0.025114512171524536,0.023148596594101643,0.0242442108006571,0.02581253919500561,0.02542162812890248,0.0268139,0.0271321,0.0270648,0.0272416,0.0281937
2025-07-25,0.025570088154418812,0.026824130001476404,0.027377626938670546,0.027933640785991917,0.02503745925798316,0.02309366097044204,0.024199166819461135,0.02577654539067466,0.025388756982831724,0.0266906,0.0269642,0.026891,0.0270611,0.0279582
2025-07-28,0.025660336138556835,0.026914171903981304,0.02746626982417767,0.028020900626014523,0.02510701306707925,0.02314325003569768,0.024239826935737452,0.025809036129564037,0.02541842897245808,0.0268019,0.0270529,0.0269511,0.0271195,0.0279573
2025-07-29,0.025716934237444783,0.026970640740164083,0.027521861271618438,0.028075624701143113,0.025150632971012533,0.02317434926134207,0.02426532648455411,0.025829412350312157,0.025437037453907144,0.0268717,0.027113,0.0270338,0.0271084,0.0276179
2025-07-30,0.025696176147903583,0.02694993006125738,0.02750147238731026,0.028055553937772156,0.02513463480834302,0.02316294321985888,0.024255974195466566,0.025821939107298256,0.025430212551359337,0.0268461,0.0270702,0.0270132,0.0271495,0.0277813
2025-07-31,0.025677607434783985,0.026931403756504872,0.02748323393631873,0.028037600054350204,0.025120323983021657,0.023152740180674588,0.02424760829930209,0.025815254073509878,0.025424107477837434,0.0268232,0.0270424,0.0269972,0.0270891,0.0275509
2025-08-01,0.025443110273680448,0.026697442006470902,0.02725290731283566,0.02781086705778671,0.02493959766201028,0.023023889561525547,0.02414195841280862,0.025730831248592934,0.025347008823317363,0.026534,0.0267108,0.0265376,0.0265205,0.0268304
2025-08-05,0.02547521942816318,0.026729477864554336,0.027284445428915415,0.02784191311426538,0.024964344142627687,0.02304153281719834,0.024156424828505135,0.025742391081403332,0.025357565766241503,0.0265736,0.0266082,0.0265205,0.0264603,0.0268164
2025-08-06,0.025471408486269522,0.0267256756222654,0.02728070226229722,0.02783822834888937,0.024961407055734783,0.02303943879127429,0.02415470785216568,0.025741019078736688,0.025356312793515006,0.0265689,0.0266199,0.0265336,0.026483,0.0268452
2025-08-07,0.02547440858930694,0.026728668876684243,0.02728364901034218,0.02784112912149352,0.02496371923041911,0.02304108727969653,0.024156059514328115,0.025742099165890285,0.02535729917624944,0.0265726,0.0266383,0.0265576,0.0265008,0.0268188
2025-08-08,0.02530989112364184,0.026564526904326664,0.027122057290077436,0.02768205853858869,0.02483692570284666,0.02295068851627669,0.024081937963759563,0.02568287009037106,0.025303208628782395,0.0263697,0.026428,0.026336,0.0262676,0.026565
2025-08-11,0.025420812327264515,0.026675194957130638,0.027231005915067028,0.027789307365499113,0.02492241265774431,0.023011637336131496,0.024131912321837964,0.025722803612880978,0.025339677638016332,0.0265065,0.0265226,0.0264023,0.0263417,0.0267049
2025-08-12,0.025414893246707905,0.026669289386993335,0.027225192099352945,0.027783584256703634,0.024917850827368436,0.023008384932094686,0.02412924554559922,0.025720672644066227,0.025337731545005085,0.0264992,0.0265211,0.0264028,0.0263921,0.0269358
2025-08-13,0.025407595756295035,0.026662008553007273,0.02721802438705201,0.027776528374645556,0.02491222665704411,0.023004375121720103,0.02412595774174527,0.02571804542430383,0.02533533225424403,0.0264902,0.026448,0.0262974,0.0262544,0.026704
2025-08-14,0.02542129882723545,0.026675680346647922,0.027231483763118198,0.027789777758180496,0.024922787602839558,0.0230119046571024,0.024132131509005818,0.025722978761069427,0.025339837590930954,0.0265071,0.0265273,0.02638,0.0260848,0.024323
2025-08-15,0.025340378081370744,0.026594944289062426,0.02715200208879324,0.02771153614654677,0.024860422012809164,0.02296744045935275,0.024095673543293658,0.025693845918348515,0.025313232223933894,0.0264073,0.0264664,0.02634,0.0263715,0.0270685
2025-08-18,0.025440596683815455,0.02669493415422568,0.027250438425055902,0.02780843668963947,0.024937660441227548,0.02302250840011725,0.02414082594309951,0.02572992631404845,0.025346182397765142,0.0265309,0.0265742,0.0264764,0.0265562,0.0272831
2025-08-19,0.02540767683948445,0.026662089451126827,0.0272181040282652,0.027776606773301737,0.024912289147800547,0.023004419675151593,0.024125994272884234,0.025718074615622005,0.025335358913018177,0.0264903,0.0264696,0.0263312,0.0263453,0.0269125
2025-08-20,0.025407190340360566,0.026661604062421608,0.02721762618099772,0.027776136381375906,0.02491191420327034,0.02300415235456843,0.024125775086055512,0.025717899467717197,0.025335198960377378,0.0264897,0.0264459,0.0263086,0.026211,0.0268534
2025-08-21,0.025420569077290397,0.02667495226238287,0.02723076699105194,0.027789072169168542,0.024922225185204247,0.02301150367565124,0.024131802728258583,0.02572271603879055,0.025339597661562692,0.0265062,0.0265434,0.0264159,0.0263464,0.0272137
2025-08-22,0.025330404941166316,0.026584993908648345,0.027142206304775887,0.02770189319398287,0.024852735711200516,0.02296196042943581,0.024091180250072924,0.025690255417052037,0.025309953224484746,0.026395,0.026358,0.0262179,0.0261308,0.0267748
2025-08-25,0.02547708435785143,0.026731338536961278,0.027286277191928908,0.027843716297925123,0.02496578144092014,0.023042557553598485,0.02415726505123996,0.02574306248719013,0.025358178923326338,0.0265759,0.0265119,0.0263583,0.0262958,0.0270769
2025-08-26,0.025456489072033777,0.026710790265319178,0.027266048179718953,0.027823802900368157,0.024949908684918067,0.02303124091072519,0.024147986079603792,0.02573564784023464,0.025351407544358814,0.0265505,0.0265065,0.0263257,0.0262247,0.0268028
2025-08-27,0.025484057577146096,0.026738295837563188,0.027293126396405954,0.02785045864033993,0.024971155689336652,0.0230463891784628,0.024160406755216635,0.025745572962320506,0.025360471598916762,0.0265845,0.0265507,0.0263822,0.0262916,0.0268389
2025-08-28,0.02550676112488462,0.02676094755522162,0.027315426171750118,0.027872410491260515,0.024988653271043555,0.02305886425587063,0.024170635576100812,0.0257537466166984,0.025367936138014153,0.0266125,0.0265006,0.0263075,0.0262036,0.0267716
2025-08-29,0.025472138240956527,0.026726403711076586,0.027281419038750736,0.02783893394213107,0.024961969476533313,0.0230398397748961,0.02415503663481145,0.02574128180260346,0.02535655272441618,0.0265698,0.0261542,0.0259634,0.0258552,0.0263063
2025-09-02,0.025351891803758908,0.02660643173526736,0.027163311057327524,0.02772266867499173,0.02486929563984732,0.02297376700519345,0.02410086092878918,0.02569799105522095,0.025317017740604134,0.0264215,0.0262265,0.0260281,0.0259484,0.0265097
2025-09-03,0.025263755501299823,0.02651849655731761,0.027076742098917524,0.027637450338704093,0.024801368937679535,0.02292533793987933,0.024061152030928054,0.02566626046889856,0.02528804001659978,0.0263128,0.0260413,0.0257904,0.0256578,0.0261264
2025-09-04,0.025245512140462036,0.026500294822466103,0.027058823156043323,0.027619810959306646,0.024787308755479527,0.02291531358111197,0.024052932667505904,0.025659692541782034,0.025282041907752136,0.0262903,0.0260136,0.0257615,0.0256473,0.0261109
2025-09-05,0.02487416764187349,0.02612979726212017,0.026694081673707685,0.027260759839720337,0.024501112103640255,0.022711266421917987,0.023885626660738644,0.025526001832759937,0.02515995005894514,0.0258323,0.0253396,0.0250188,0.024856,0.0253842
2025-09-08,0.0247073926720307,0.025963402437926268,0.026530271865290434,0.027099505534256628,0.024372577390164858,0.022619626033165606,0.023810487373069768,0.02546595969497005,0.025105117211731497,0.0256266,0.0251829,0.0248658,0.0246842,0.0250113
2025-09-09,0.02441844338748065,0.025675111453862868,0.02624645945008038,0.02682012055580568,0.024149881148543557,0.022460851886411184,0.023680302886354955,0.02536193228552531,0.025010115427397984,0.0252702,0.0250654,0.024821,0.0247236,0.0251767
2025-09-10,0.024198414531182103,0.02545558360034217,0.026030341804480658,0.02660737418289692,0.023980301861277933,0.02233994802699189,0.023581169754552083,0.025282717401843683,0.02493777350968424,0.0249988,0.0248362,0.0246199,0.0245417,0.0249623
2025-09-11,0.02415082620064998,0.025408103596039094,0.025983599352874538,0.02656136086307986,0.02394362479139038,0.02231379859661818,0.023559728979416345,0.025265584610090812,0.02492212723429202,0.0249401,0.0247786,0.0246021,0.0245528,0.0249783
2025-09-12,0.024061487391127276,0.025318968119646932,0.025895848489245178,0.026474978803510813,0.023874769893958564,0.022264707519723845,0.023519477615860495,0.025233420755250282,0.024892754070604175,0.0248299,0.024738,0.02457,0.0245297,0.0249935
2025-09-15,0.024112561177258025,0.025369925667858808,0.02594601447536303,0.02652436226514166,0.023914133318221252,0.02229277223425962,0.023542488780938543,0.025251808398122112,0.024909546310726692,0.0248929,0.0246761,0.0245028,0.0244694,0.0249391
2025-09-16,0.023832470149496406,0.02509047193425596,0.025670901631401358,0.02625354074861703,0.02369826203665492,0.022138863653192505,0.023416294271489363,0.025150969602920112,0.02481745685924193,0.0245474,0.0243837,0.0242137,0.0241815,0.0246606
2025-09-17,0.023656475969864497,0.02491487799584839,0.025498035182823554,0.026083370648207153,0.02356261956931119,0.022042155284674646,0.023337000152472295,0.02508760778321594,0.024759592758675675,0.0243303,0.0243583,0.0242261,0.0242658,0.0249367
2025-09-18,0.023632886079143805,0.024891341740875816,0.025474864509446984,0.026060561382296933,0.023544438306274083,0.022029192670170603,0.023326371719959573,0.025079114890219186,0.024751836774334617,0.0243012,0.0242386,0.0241432,0.0241905,0.0248034
2025-09-19,0.023557334055820205,0.024815961479621573,0.025400655098289624,0.025987509452684125,0.023486208601172814,0.021987676886929566,0.02329233170860377,0.02505191444484052,0.024726996456966827,0.024208,0.0242119,0.0241171,0.0241413,0.0246532
2025-09-24,0.02357330368231626,0.024831894802698942,0.02541634093685048,0.026002950632467194,0.023498516770788375,0.02199645219094636,0.02329952683686124,0.025057663874832815,0.02473224701940473,0.0242277,0.0240667,0.0239455,0.0239879,0.0245381
2025-09-25,0.02358262606818886,0.024841195995597996,0.0254254976585876,0.02601196453258962,0.023505701752955365,0.02200157483724785,0.023303727044671648,0.025061020146120144,0.024735312073416976,0.0242392,0.0241482,0.0240575,0.0241644,0.0248644
2025-09-26,0.02352685404704118,0.024785550756878116,0.025370716728747834,0.025958038043081944,0.023462716926657422,0.021970928124761188,0.02327859891121798,0.025040940943797343,0.024716975108175814,0.0241704,0.0241312,0.0240623,0.0242123,0.025012
2025-09-29,0.0236223476629857,0.02488082728475525,0.02546451337079474,0.026050371696388165,0.023536316107885792,0.022023401821983715,0.02332162363216745,0.025075320822010277,0.024748371909038596,0.0242882,0.024089,0.0239907,0.0240662,0.0246451
2025-10-01,0.023544282760921444,0.024802939853014166,0.025387835729790423,0.025974890032940033,0.02347614965637264,0.02198050520285419,0.023286451435815106,0.02504721568021514,0.024722705396001035,0.0241919,0.0239498,0.0237828,0.0238888,0.024582
2025-10-02,0.02349596884017836,0.024754735752403504,0.025340380354707374,0.025928174834529548,0.023438912943690257,0.02195395669516309,0.023264683545363225,0.025029821559117288,0.024706820535941906,0.0241323,0.0238908,0.0237382,0.0238537,0.0244975
2025-10-03,0.023479594055574423,0.02473839818592008,0.02532429654863359,0.02591234189145416,0.02342629249228971,0.0219449587420157,0.02325730586464192,0.0250239262588745,0.024701436762983968,0.0241121,0.023874,0.0237032,0.0238031,0.0244669
2025-10-06,0.023418391575116763,0.024677334800257595,0.025264181613736895,0.025853164577977525,0.02337912219575393,0.021911327917484975,0.023229730991411672,0.0250018919462585,0.02468131434338287,0.0240366,0.0238743,0.0237402,0.0238999,0.0246352
2025-10-07,0.02335581152086826,0.02461489695228636,0.025202713555781745,0.025792655236995723,0.023330890116985182,0.021876940069328537,0.0232015354253014,0.0249793616626608,0.02466073899630364,0.0239594,0.0238007,0.0236627,0.0238129,0.0244839
2025-10-08,0.023225546097147734,0.024484927479704387,0.025074762750309336,0.025666700049380625,0.023230490993449995,0.021805358846086337,0.023142844002691506,0.024932463022127482,0.024617909745156992,0.0237987,0.0237012,0.0236248,0.0238236,0.0245721
2025-10-09,0.023225870339441138,0.024485250985454062,0.025075081231464496,0.02566701356331262,0.023230740896129604,0.021805537018401943,0.02314299009102821,0.024932579757107193,0.024618016351009537,0.0237991,0.0237165,0.0236398,0.0238739,0.0247097
2025-10-10,0.023257889332134206,0.02451719724171939,0.025106531306802807,0.025697973123164,0.02325541882991418,0.02182313156488018,0.02315741634079018,0.024944107358527687,0.024628543700355107,0.0238386,0.0238547,0.0238514,0.0240144,0.0246504
2025-10-14,0.023377049773292403,0.024636086945313034,0.02522357442506219,0.02581319074046351,0.023347258997458514,0.021888610530957003,0.023211104364379384,0.02498700793181773,0.024667721803199837,0.0239856,0.0237562,0.0237169,0.023703,0.0243228
2025-10-15,0.02333424907932643,0.024593383504489835,0.02518153425454436,0.025771806267027856,0.023314271369304248,0.02186509145972585,0.023191820419176647,0.02497159867633065,0.024653649600744808,0.0239328,0.0236827,0.023568,0.0234891,0.0241311
2025-10-16,0.023245973387890494,0.024505308367107903,0.025094827087378622,0.02568645145051842,0.02324623487978159,0.021816583713989326,0.023152047578417018,0.024939817334641984,0.024624625922355908,0.0238239,0.0235611,0.0233988,0.0232697,0.0237565
2025-10-17,0.023125274812911205,0.024384883944980663,0.024976273049829398,0.025569746441239487,0.023153209020040935,0.02175025935273586,0.02309766644280301,0.024896362945637837,0.024584942093762926,0.023675,0.0234175,0.0233985,0.0233862,0.0237037
2025-10-20,0.02289571758754664,0.02415584793165846,0.02475079423773297,0.025347784213270188,0.022976282137679317,0.021624116245542446,0.022994238430096584,0.024813716695780492,0.02450946719267316,0.0233918,0.0231874,0.0230775,0.0230124,0.0235207
2025-10-21,0.022867915033708275,0.024128108485948315,0.024723485610033,0.025320901484338933,0.02295485379861195,0.02160883852923015,0.02298171184480441,0.024803707080745942,0.024500326136113894,0.0233575,0.0233398,0.0232743,0.0232628,0.0238797
2025-10-22,0.0226981838025001,0.023958762438561435,0.024556769615921036,0.025156785512364995,0.02282403615598657,0.021515569720744157,0.022905238447845977,0.02474259953668104,0.024444521078695693,0.0231481,0.0229965,0.0230528,0.023151,0.0238171
2025-10-23,0.022610077400336614,0.02387085592617163,0.02447022832128859,0.02507159384667895,0.02275612939945683,0.02146715434240169,0.022865541521154366,0.02471087896281002,0.0244155530204457,0.0230394,0.0228686,0.0229386,0.0230682,0.0239109
2025-10-24,0.022320881395459118,0.023582315757047282,0.024186169148308668,0.024791964502691603,0.02253323496785783,0.02130823750930024,0.022735241983541675,0.024606760777490622,0.0243204696904895,0.0226826,0.0226116,0.0226021,0.0227013,0.0237426
2025-10-27,0.022226214175450332,0.023487863131688606,0.02409318331825747,0.024700428718831737,0.02246027107652396,0.021256216470890592,0.022692588805350987,0.02457267802425435,0.024289344508696454,0.0225658,0.0224816,0.0225177,0.0226492,0.0235423
2025-10-28,0.022115257223614244,0.023377157643628774,0.023984196996010964,0.024593141931363114,0.022374751872544882,0.021195243849858367,0.022642596066880016,0.024532730491354533,0.024252863495952917,0.0224289,0.0224163,0.0224649,0.0226175,0.0235223
2025-10-29,0.022137788895018808,0.023399638256066533,0.024006328505270444,0.024614928323841424,0.0223921179955036,0.0212076253756351,0.022652747937915378,0.024540842511608044,0.024260271578601906,0.0224567,0.0226676,0.0227924,0.0230479,0.024326
2025-10-30,0.022047014212208497,0.023309069262083888,0.023917165956860217,0.024527156160812774,0.022322154023436708,0.021157743151003716,0.02261184847223855,0.02450816112384421,0.024230426193859095,0.0223447,0.0225689,0.0226854,0.0229445,0.0241899
2025-10-31,0.02194999993525311,0.023212274766941963,0.023821874561381552,0.024433350701003827,0.022247380805627506,0.021104432056848484,0.022568137634846393,0.02447323328088484,0.02419852931561669,0.022225,0.0224758,0.0225835,0.0228182,0.0239622
2025-11-03,0.02201808000360956,0.02328020060764997,0.02388874559952978,0.024499178981463754,0.022299853155128,0.021141843293316358,0.022598811856254685,0.02449774400568195,0.024220913049090926,0.022309,0.0225572,0.0226477,0.0228987,0.0241224
2025-11-04,0.021936627134356467,0.023198932257884813,0.023808739243350013,0.02442042020806106,0.022237073783452757,0.02109708345300697,0.022562112369250577,0.024468418697559183,0.024194132533350152,0.0222085,0.0224798,0.0226444,0.022941,0.0241719
2025-11-05,0.021847070481622533,0.023109578444332996,0.02372077296206304,0.024333825614601304,0.02216804836161087,0.021047870345672702,0.022521761584210945,0.024436175776369466,0.024164687606355872,0.022098,0.0223274,0.0225001,0.0228227,0.024112
2025-11-06,0.021847394666750362,0.023109901895277757,0.023721091390328564,0.02433413907754249,0.02216829822615695,0.02104804849182055,0.02252190764966029,0.02443629249220664,0.024164794193728724,0.0220984,0.0222603,0.0224,0.0226783,0.0237533
2025-11-07,0.0218593084795244,0.023121788726438816,0.02373279363771529,0.024345658848950055,0.022177480754446647,0.021054595367023223,0.022527275558657786,0.02444058180234567,0.024168711282695862,0.0221131,0.0223042,0.0225285,0.0229116,0.0243451
2025-11-10,0.021815300404317936,0.023077880314275944,0.02368956705238574,0.02430310630454255,0.022143561679603376,0.021030412053039238,0.022507447196288062,0.024424737646167323,0.02415424206490081,0.0220588,0.0223932,0.0226358,0.0230309,0.0244208
2025-11-12,0.02183118542682929,0.023093729363830067,0.023705169992290775,0.02431846594517445,0.022155805009839956,0.02103914119196739,0.022514604383787162,0.024430456705863416,0.02415946483041052,0.0220784,0.0224119,0.0226489,0.0230334,0.0243606
2025-11-13,0.02184901559259118,0.023111519150194895,0.023722683531842776,0.024335706392428318,0.02216954754902187,0.02104893922265212,0.022522637976987774,0.02443687607146002,0.024165327130658172,0.0221004,0.0224654,0.0227329,0.0231689,0.0246219
2025-11-14,0.021806466400665116,0.023069066315415374,0.02368088992015794,0.024294564476038383,0.022136752898126392,0.021025557589315066,0.022503466929240736,0.02442155715336071,0.024151337572270577,0.0220479,0.0225106,0.0227532,0.023195,0.0247629
2025-11-17,0.021921552368049137,0.023183891637609248,0.023793932182947918,0.024405844040484247,0.02222545497675401,0.021088799584869408,0.02255532026265226,0.024462991358268463,0.02418917616948075,0.0221899,0.0225216,0.022825,0.0232993,0.024841
2025-11-18,0.021891565016131598,0.02315397220702423,0.023764477357817393,0.024376848515414672,0.022202342354420705,0.02107232096201151,0.02254180911746616,0.024452195067118012,0.02417931676391885,0.0221529,0.0224746,0.0228233,0.0233048,0.0248338
2025-11-19,0.021819028518946994,0.023081599986391903,0.02369322896417098,0.02430671111557427,0.022146435112316818,0.021032460727174886,0.022509126943213865,0.024426079873492542,0.024155467815052636,0.0220634,0.0223882,0.0227544,0.0232636,0.0248428
2025-11-20,0.021775101716053305,0.023037772653662074,0.023650082195031705,0.024264237138518056,0.022112578654388808,0.02100832205319431,0.022489335187702346,0.02441026497196246,0.024141025317168916,0.0220092,0.022349,0.0226892,0.0231494,0.024635
2025-11-21,0.02167533530031208,0.022938232118449982,0.02355208733717647,0.02416777030749817,0.02203568387919595,0.02095349828907516,0.022444384169180535,0.024374346194568918,0.024108223556612192,0.0218861,0.0222362,0.0225331,0.0229454,0.0243491
2025-11-24,0.021700297046056242,0.022963137353120982,0.02357660584260331,0.02419190649986144,0.02205492310963871,0.020967215309417857,0.022455631004952653,0.024383333143553593,0.02411643061974729,0.0219169,0.0222629,0.0224878,0.0227909,0.024248
2025-11-25,0.02167646992338925,0.02293936417291342,0.023553201813095843,0.024168867405608464,0.022036558388516994,0.020954121789208198,0.022444895388295964,0.024374754691670934,0.02410859660437746,0.0218875,0.0222321,0.0224192,0.0226772,0.0239769
2025-11-26,0.021657991796633105,0.02292092787701999,0.023535051795661774,0.02415100039752707,0.022022316393249586,0.020943967653568697,0.02243656982805248,0.02436810203144579,0.02410252126168448,0.0218647,0.0222797,0.0224849,0.022747,0.023975
2025-11-27,0.02165345331604192,0.022916399670399844,0.02353059390282531,0.024146612015537722,0.0220188183637818,0.020941473658400277,0.022434524956282086,0.024366468046961454,0.024101029074411265,0.0218591,0.0222955,0.0225016,0.022763,0.023954
2025-11-28,0.0216118777146989,0.02287491818090549,0.023489756533704508,0.02410641141135336,0.021986773997076783,0.020918626937373223,0.022415792519345522,0.024351499623021904,0.02408735961278723,0.0218078,0.0223802,0.0225799,0.0228553,0.0241133
2025-12-01,0.021698433016834173,0.022961277543995382,0.023574774912701855,0.024190104119403616,0.022053486412021667,0.02096619098520946,0.022454791142737116,0.024382662039298057,0.024115817753752718,0.0219146,0.0224198,0.0226778,0.0230721,0.0247615
2025-12-02,0.02159818131745933,0.022861252785374552,0.023476303332151713,0.024093167980656437,0.021976217503117637,0.020911100456902344,0.02240962142403194,0.024346568521020344,0.02408285643348209,0.0217909,0.0223026,0.022625,0.0230351,0.0246336
2025-12-03,0.021561711737703732,0.02282486574971424,0.023440481306121475,0.024057904512189247,0.021948108573605615,0.020891059586145323,0.022393189560291363,0.024333438406952623,0.024070865757189808,0.0217459,0.0221572,0.0224896,0.0228826,0.0243418
2025-12-04,0.021556687053386144,0.022819852437587888,0.023435545839319512,0.02405304600176406,0.02194423579665889,0.020888298405613036,0.02239092561996042,0.02433162937348066,0.02406921371276781,0.0217397,0.0221686,0.0225058,0.0229498,0.0246338
2025-12-05,0.021666663543662156,0.022929579993123197,0.023543569561968503,0.024159385348221787,0.022029000133013864,0.020948732969119935,0.022440476996690557,0.024371224111396528,0.024105372407593285,0.0218754,0.0226012,0.0231827,0.0239381,0.0264056
2025-12-08,0.02179220234244782,0.0230548345576437,0.02366687915734408,0.024280772184592,0.022125758916405797,0.021017719198820596,0.022497040084464626,0.024416421685794498,0.024146647756120944,0.0220303,0.022699,0.0232887,0.0240247,0.0263995
2025-12-09,0.021840100504626273,0.02310262425213846,0.02371392675736309,0.024327086164266567,0.022162676276039545,0.02104404020498255,0.022518621178352002,0.024433666386959298,0.02416239597889087,0.0220894,0.0227058,0.0233312,0.0241692,0.0268765
2025-12-10,0.02183815539587608,0.02310068354840341,0.023712016189635872,0.024325205388418383,0.022161177090108414,0.02104297132901864,0.022517744786463376,0.024432966092611617,0.024161756455305727,0.022087,0.0226298,0.0231834,0.0239058,0.0263393
2025-12-11,0.021837669118764162,0.023100198372542152,0.02371153854777404,0.024324735194523796,0.022160802293676084,0.02104270411006228,0.0225175256885215,0.02443279101905002,0.02416159657443389,0.0220864,0.0225911,0.0231092,0.0238303,0.0262808
2025-12-12,0.02176691612139845,0.023029605593833456,0.02364204195517937,0.024256322270453805,0.02210626962784787,0.021003823899500274,0.022485647067064955,0.024407317923803483,0.02413833401180846,0.0219991,0.0225321,0.0230706,0.0238033,0.0262314
2025-12-15,0.021834994595189356,0.023097529905823658,0.023708911518034267,0.02432214912858591,0.02215874091365897,0.02104123440604983,0.022516320650057674,0.02443182811464233,0.024160717229813587,0.0220831,0.0224336,0.0229952,0.0236978,0.0259346
2025-12-16,0.021751193320067672,0.023013918393057137,0.02362659834840333,0.02424111947601657,0.02209415131568085,0.0209951838925208,0.022478562963784733,0.024401657265094717,0.024133164581562595,0.0219797,0.0223593,0.0229816,0.0236911,0.0258436
2025-12-17,0.02168473646792281,0.022947612003055954,0.023561321570822195,0.0241768605534178,0.022042929816886582,0.020958664435310248,0.02244861998669876,0.024377730886507486,0.024111314525417215,0.0218977,0.0222966,0.0229548,0.0237326,0.0260447
2025-12-18,0.02167622678985885,0.022939121589800816,0.023552962996814576,0.024168632313143888,0.022036370993653236,0.020953988182030484,0.022444785841337106,0.024374667156573004,0.024108516665566133,0.0218872,0.0222611,0.0229176,0.0236845,0.0259387
2025-12-19,0.02160385437849299,0.022866913005584046,0.0234818756614619,0.024098653422726588,0.02198059001346608,0.020914217932687607,0.022412177497848133,0.02434861098832999,0.024084721654738222,0.0217979,0.0222441,0.0229309,0.0237658,0.0261815
2025-12-22,0.021664313256133782,0.022927235026165373,0.023541261007604182,0.024157112790643694,0.022027188651509183,0.020947441434563518,0.02243941804406234,0.024370377939876668,0.024104599666806094,0.0218725,0.0222905,0.0229803,0.0237816,0.02608
2025-12-23,0.021656127777499964,0.022919068077566697,0.023533220875094605,0.02414919802606842,0.022020879702362585,0.020942943333978545,0.022435729969876247,0.02436743093056865,0.024101908398951318,0.0218624,0.0222849,0.0229666,0.0237037,0.025815
2025-12-24,0.02152191956814276,0.022785163636916256,0.02340139567510467,0.02401942832308748,0.021917438737790826,0.020869192858248772,0.02237526064891067,0.024319112058609104,0.024057782659812548,0.0216968,0.0222402,0.0229254,0.0236729,0.0257798
2025-12-29,0.021659693727534197,0.02292262595515389,0.02353672350610403,0.024152646041379087,0.022023628154753214,0.020944902902067852,0.02243733665523839,0.02436871477585492,0.024103080832131564,0.0218668,0.0223103,0.0229614,0.0236527,0.0256826
2025-12-30,0.021653858537416134,0.02291680397445964,0.023530991928872293,0.024147003835262634,0.022019130687769953,0.02094169633649127,0.02243470753407583,0.024366613938397393,0.024101162305383166,0.0218596,0.022361,0.0230157,0.0237408,0.0259203
2025-12-31,0.02169105794905344,0.022953919172938073,0.02356753080277665,0.024182972965828,0.0220478020895749,0.02096213822620626,0.02245146821136859,0.0243800068021814,0.024113392937531057,0.0219055,0.0223875,0.0230379,0.023753,0.0259225
2026-01-02,0.02164551098134844,0.022908475314893824,0.023522792596228276,0.02413893235271252,0.022012696816443134,0.020937109169758203,0.022430946433222673,0.024363608576237247,0.024098417748732996,0.0218493,0.0224407,0.0230862,0.0238591,0.0262234
2026-01-05,0.021720153037096575,0.022982948389820554,0.023596109251860512,0.024211105794563575,0.022070227080918936,0.020978126601657474,0.02246457737438087,0.024390481872035418,0.024122958983825077,0.0219414,0.0224825,0.0231133,0.0237887,0.0257578
2026-01-06,0.021727933357544353,0.02299071109493825,0.023603751416784856,0.02421862879577682,0.02207622374822842,0.020982402053076075,0.022468082896071842,0.024393283011066774,0.024125517041134546,0.021951,0.022523,0.0231675,0.023879,0.0259601
2026-01-07,0.02173060784448691,0.02299337952653723,0.023606378412632443,0.024221214829039304,0.0220782851038092,0.020983871740319973,0.022469287919869227,0.024394245903207747,0.024126396373912885,0.0219543,0.0225156,0.0231354,0.0237845,0.0256955
2026-01-08,0.021712372724393223,0.02297518569212748,0.023588467094101315,0.02420358280025824,0.022064230418775546,0.02097385115378391,0.02246107185579053,0.02438768073559737,0.024120400929019112,0.0219318,0.0225055,0.0231362,0.0238037,0.0258048
2026-01-09,0.021641701905328235,0.022904674861426912,0.023519051155917698,0.02413524925166679,0.022009760974221422,0.020935015997944676,0.022429230203922228,0.024362237198379384,0.02409716537918028,0.0218446,0.0224368,0.0230657,0.023715,0.0256591
2026-01-12,0.021712777948822013,0.02297558999911571,0.0235888651229744,0.02420397462270778,0.022064542744801317,0.020974073833273148,0.02246125443480724,0.024387826628056167,0.024120534160978455,0.0219323,0.022528,0.0231585,0.0238149,0.0257873
2026-01-13,0.021693975557453456,0.022956830176075266,0.023570396603735607,0.024185794080786183,0.02205005083196592,0.020963741515101435,0.022452782777291194,0.024381057225377544,0.02411435220521795,0.0219091,0.0224874,0.0231236,0.023767,0.0257037
2026-01-14,0.02170726689839041,0.02297009142580136,0.023583451931965795,0.024198645838999513,0.02206029511205149,0.020971045393043466,0.022458771360900683,0.024385842491219254,0.024118722206913253,0.0219255,0.0225139,0.0230774,0.0236447,0.0254572
2026-01-15,0.021707591077720002,0.02297041487118732,0.023583770354866786,0.024198959296768765,0.02206054497272973,0.020971223536537152,0.022458917424028592,0.02438595920511482,0.02411882879241173,0.0219259,0.0225076,0.0230843,0.0236573,0.0254264
2026-01-16,0.021595020613812403,0.022858099235827326,0.023473198750331405,0.024090111807381964,0.021973781391400687,0.020909363578353865,0.022408197326478023,0.024345430575545925,0.02408181723935963,0.021787,0.022471,0.0230337,0.0236266,0.0256292
2026-01-19,0.021693489289311158,0.022956345008813227,0.023569918970172476,0.02418532389489236,0.022049676041516968,0.020963474300250952,0.022452563682940484,0.02438088215481953,0.024114192327245685,0.0219085,0.0224937,0.0230244,0.0235898,0.0255598
2026-01-20,0.02164413323023323,0.022907100682583337,0.023521439309109174,0.024137600167036758,0.022011634915922125,0.020936352064961604,0.022430325669347356,0.02436311254587648,0.024097964763931893,0.0218476,0.0224931,0.0229811,0.0235433,0.0257038
2026-01-21,0.021660098949231935,0.022923030259523847,0.02353712153245034,0.024153037861392578,0.02202394047895718,0.020945125580306936,0.022437519233161667,0.024368860667399198,0.024103214063208048,0.0218673,0.0224914,0.0230309,0.0236043,0.0255798
2026-01-22,0.021691463172377204,0.022954323478866914,0.02356792883062736,0.02418336478729188,0.02204811441486354,0.020962360905189666,0.02245165078994288,0.024380152694270164,0.024113526169133183,0.021906,0.0224949,0.0229979,0.0235777,0.0257399
2026-01-23,0.021617631829574494,0.022880659271098964,0.023495408477075576,0.02411197522590219,0.02199120897860479,0.02092178895315606,0.022418385112550836,0.02435357127182239,0.02408925148333046,0.0218149,0.0224428,0.022953,0.0235512,0.0257872
2026-01-26,0.021701998986168973,0.022964835440086123,0.02357827756156818,0.024193552151930094,0.022056234877287157,0.02096815056213367,0.02245639783582662,0.024383945891047344,0.02411699019317218,0.021919,0.0224386,0.0228875,0.0234044,0.0254349
2026-01-27,0.02169810883788441,0.022960954098973564,0.02357445649015228,0.024189790661973166,0.0220532365515968,0.02096601284188964,0.02245464507976128,0.024382545325529685,0.024115711168377026,0.0219142,0.0224102,0.0228601,0.0234135,0.0256111
2026-01-28,0.021735551595486905,0.022998312084226875,0.023611234376882742,0.02422599507449166,0.022082095489974723,0.020986588436025154,0.02247151538906533,0.02439602579554781,0.02412802180800923,0.0219604,0.0223822,0.0228284,0.0232798,0.0256471
2026-01-29,0.021772184077371366,0.023034861621493454,0.023647216366055886,0.02426141599654887,0.02211032989179757,0.02100671875043747,0.02248802060965578,0.024409214538626073,0.024140066039692907,0.0220056,0.0224186,0.022842,0.0232747,0.0255125
2026-01-30,0.021691949440393453,0.02295480864600811,0.02356840646407387,0.02418383497307327,0.02204848920522841,0.020962628119982448,0.022451869884243126,0.02438032776478597,0.0241136860470647,0.0219066,0.0224265,0.0228324,0.0232509,0.0254316
2026-02-02,0.021712615859047976,0.022975428276318002,0.023588705911422835,0.024203817893725717,0.02206441781438933,0.0209739847614763,0.022461181403199547,0.024387768271071805,0.024120480868193905,0.0219321,0.0223972,0.0228268,0.0232854,0.0255329
2026-02-03,0.02169835197209547,0.02296119668273872,0.023574695307063295,0.024190025755044878,0.022053423946914612,0.020966146449378928,0.022454754626992653,0.02438263286085554,0.024115791107408385,0.0219145,0.0224026,0.0228299,0.0232955,0.0256113
2026-02-04,0.0216968121222198,0.022959660319015193,0.02357318280007838,0.024188536832371297,0.022052237109987022,0.02096530026867191,0.022454060827911754,0.024382078470501202,0.024115284826917723,0.0219126,0.022425,0.022839,0.023296,0.0256084
2026-02-05,0.021700864359385976,0.022963703382069888,0.02357716308222017,0.02419245505051426,0.022055360365494055,0.020967527060304275,0.02245588661522749,0.024383537392704387,0.024116617144208943,0.0219176,0.0223773,0.0227837,0.0232284,0.0253755
2026-02-06,0.021652399740567284,0.022915348479938633,0.02352955903519411,0.02414559328434066,0.02201800632147819,0.020940894695408704,0.02243405025405771,0.024366088729260937,0.024100682673916102,0.0218578,0.0223096,0.0227257,0.0231873,0.0253885
2026-02-09,0.02168862660955201,0.022951493337787978,0.02356514263608054,0.024180622037438242,0.022045928138137327,0.020960802152507757,0.022450372740099495,0.02437913144979652,0.024112593548060918,0.0219025,0.0223686,0.0227863,0.023243,0.0252914
2026-02-10,0.021671850387604892,0.02293475509501386,0.02354866430494833,0.02416440064993515,0.022032997886968272,0.020951583253423674,0.02244281399659545,0.024373091525243286,0.024107077767380337,0.0218818,0.0223363,0.0227258,0.0231655,0.0252324
2026-02-11,0.02167914439272281,0.022942032587630567,0.02355582879265157,0.024171453423163996,0.022038619732351314,0.02095559146839151,0.022446100405043242,0.02437571757791534,0.024109475931463405,0.0218908,0.0223115,0.0226879,0.0231159,0.0251519
2026-02-12,0.021629464248123204,0.02289246490594882,0.023507030795478435,0.024123416321214352,0.02200032880865483,0.020928291132549397,0.022423716365880045,0.024357831286489363,0.02409314181297606,0.0218295,0.0222797,0.0225874,0.0229454,0.0248125
2026-02-13,0.02153440018607729,0.02279761600984188,0.023413654691949663,0.02403149619186876,0.021927058182950605,0.020876051251721504,0.022380883964727483,0.024323605447732724,0.02406188610896741,0.0217122,0.0221981,0.022493,0.0228484,0.0246638
2026-02-17,0.021594453308164913,0.022857533214243428,0.023472641517822163,0.024089563263581585,0.021973344140669947,0.020909051830984016,0.022407941719278925,0.024345226328967615,0.02408163071738139,0.0217863,0.0222409,0.0224439,0.0227294,0.0244613
2026-02-18,0.02159023903892976,0.022853328483713145,0.02346850207751757,0.02408548836792857,0.021970095993244322,0.020906735993969507,0.022406042923458852,0.024343709069103256,0.02408024512595971,0.0217811,0.0222033,0.0224297,0.0227233,0.0243879
2026-02-20,0.021532779325479236,0.022795998817473302,0.023412062610798114,0.024029928935178472,0.02192580890360728,0.020875160550755056,0.022380153663521224,0.024323021890326618,0.024061353193128743,0.0217102,0.0221762,0.0224285,0.0227546,0.0243777
2026-02-23,0.021610013706563083,0.022873058391995382,0.023487925623312072,0.024104609049704146,0.021985337313525782,0.02091760262281714,0.022414952665572283,0.02435082852582734,0.02408674675360913,0.0218055,0.022262,0.0225197,0.0228399,0.0243011
2026-02-24,0.021611310407827898,0.022874352158148602,0.02348919930006327,0.024105862866461623,0.02198633674552987,0.02091831518944331,0.022415536911656566,0.024351295376033887,0.024087173090413465,0.0218071,0.02223,0.0225095,0.0228622,0.0243547
2026-02-25,0.021668851743030758,0.02293176323883091,0.023545718906274774,0.02416150117825771,0.022030686685183383,0.020949935432618437,0.022441462918357382,0.02437201192647257,0.02410609185611776,0.0218781,0.0222894,0.0225555,0.0228267,0.0245469
2026-02-26,0.021663502812322342,0.022926426417026666,0.023540464954526715,0.024156329150245688,0.02202656400282377,0.020946996077894936,0.022439052888049246,0.024370086156648832,0.024104333204518654,0.0218715,0.0223112,0.0225487,0.0227937,0.0242687
2026-02-27,0.02165750553072943,0.022920442711904132,0.02353457416416982,0.024150530213630065,0.022021941604293955,0.020943700439742953,0.022436350734598043,0.024367926961637403,0.02410236138443589,0.0218641,0.0222686,0.0224462,0.0226329,0.023921
2026-03-02,0.021696244809184178,0.022959094290348255,0.023572625560733633,0.024187988281980818,0.02205179985432787,0.02096498851792012,0.022453805217754672,0.024381874221448895,0.024115098302551145,0.0219119,0.0224386,0.0227361,0.0230645,0.0248217
2026-03-03,0.021797065086643027,0.023059686290444113,0.023671655551052308,0.024285474099522086,0.0221295068627689,0.021020391376059634,0.022499231053103853,0.024418172412394645,0.024148246556135712,0.0220363,0.0225948,0.0230294,0.0234736,0.0250605
2026-03-04,0.02176051353353421,0.023023217503259846,0.023635753060228606,0.02425013143838636,0.022101334848697446,0.021000305544395328,0.02248276230182978,0.02440501280892736,0.02413622893330943,0.0219912,0.0226055,0.0229905,0.0234012,0.0251457
2026-03-05,0.021784340912397556,0.02304699092908411,0.023659157326769154,0.02427317076116253,0.02211969974072047,0.021013399181879822,0.022493498021059703,0.024413591346600257,0.024144063031498873,0.0220206,0.0226965,0.0231989,0.0237373,0.0257893
2026-03-06,0.021802657246207374,0.02306526578675001,0.023677148407276888,0.02429088130502758,0.022133817003581226,0.02102346438159646,0.02250175066853629,0.02442018574923715,0.024150085177361662,0.0220432,0.0227851,0.0232814,0.0238472,0.0262909
2026-03-09,0.021936465039940477,0.02319877053063684,0.02380858002750371,0.024420263474938444,0.022236948849944253,0.021096994379085254,0.02256203933578439,0.024468360339020407,0.024194079239065015,0.0222083,0.0230586,0.0236713,0.0242978,0.0262194
2026-03-10,0.021890673502024678,0.023153082712127453,0.02376360167545621,0.024375986487861677,0.022201655223580037,0.021071831057813684,0.02254140743547645,0.024451874096889682,0.024179023647025438,0.0221518,0.0227584,0.0233578,0.0240311,0.0264323
2026-03-11,0.02196410218643688,0.023226345072980648,0.023835726374235595,0.02444698651566831,0.022258250045544277,0.021112181504971628,0.022574491561215514,0.024478310486145537,0.024203165930382214,0.0222424,0.0228701,0.0235306,0.0243165,0.0271867
2026-03-12,0.0219942519122387,0.02325642649874126,0.023865340673776714,0.024476139023141903,0.02228148778781145,0.0211287493296789,0.022588075851758413,0.024489165229417874,0.0242130787205719,0.0222796,0.0230511,0.0237603,0.0246797,0.0280931
2026-03-13,0.02198549875405851,0.023247693170099993,0.023856742962826343,0.024467675381254217,0.022274741338516785,0.021123939310570473,0.022584132020675475,0.024486013848327284,0.024210200809870016,0.0222688,0.0228791,0.0236595,0.0246183,0.0278903
2026-03-16,0.022032020281217642,0.02329410930229087,0.023902438308339064,0.024512658170793306,0.022310597542145396,0.021149503722832884,0.022605092797538404,0.024502762892868613,0.024225496408634896,0.0223262,0.0227899,0.0235403,0.0244035,0.0270284
2026-03-17,0.022003896607138935,0.02326604934395862,0.023874814088009944,0.024485464712753136,0.022288921383031353,0.021134049263336393,0.022592421373884675,0.024492637588309052,0.024216249755477252,0.0222915,0.0227325,0.0234675,0.0242849,0.0266467
2026-03-18,0.021987038660805643,0.023249229588346472,0.023858255522428783,0.024469164354656268,0.022275928213381712,0.021124785517310615,0.022584825842525975,0.024486568257725674,0.0242107071087453,0.0222707,0.0228358,0.0236134,0.0245592,0.0274208
2026-03-19,0.022103748265437286,0.023365674764896472,0.023972892435328724,0.02458201365252092,0.022365881423576726,0.02118891948485309,0.02263741058882985,0.024528586949831975,0.024249079519391037,0.0224147,0.0232272,0.0242723,0.0254234,0.0282796
2026-03-20,0.022289838850245415,0.023551343584987627,0.02415567795873717,0.024761948803353168,0.022509309224018125,0.021291179182886942,0.022721255488404632,0.024595584626893863,0.024310263361445456,0.0226443,0.0238784,0.0250719,0.0265798,0.0305047
2026-03-23,0.022347628334842606,0.02360900205751587,0.02421244102191128,0.024817826681686934,0.022553849904475773,0.021322935329270168,0.02274729305026376,0.024616390392049117,0.02432926368742025,0.0227156,0.0239663,0.0250721,0.0263332,0.0294234
2026-03-24,0.02251524457192318,0.023776238204686825,0.024377080024245948,0.024979898195272885,0.022683038230532415,0.021415042621528924,0.02282281390260324,0.02467673667433622,0.02438437340841382,0.0229224,0.0241499,0.025544,0.0269385,0.0298747
2026-03-25,0.02257781789883882,0.023838669603131073,0.024438541858067323,0.025040401535577742,0.02273126582168846,0.021449427390223694,0.02285100677529392,0.024699264705210604,0.02440494658077385,0.0229996,0.0239674,0.0252059,0.0264428,0.0288826
2026-03-26,0.022636663220216294,0.023897381434045333,0.02449634188103443,0.025097300162158262,0.0227766200529025,0.021481763534719575,0.02287751994473547,0.024720450545290085,0.024424294038247446,0.0230722,0.0241674,0.025501,0.0268366,0.0297779
2026-03-27,0.022621668158254133,0.023882420389984577,0.02448161318613772,0.02508280116332987,0.022765062817172346,0.021473523588842414,0.02287076381722879,0.024715051935595984,0.024419363887418475,0.0230537,0.0240918,0.0254461,0.0267979,0.0295805
2026-03-30,0.022684485501836354,0.023945095218208406,0.024543314653318656,0.02514354038384312,0.022813478392307213,0.021508042368973766,0.022899066590459212,0.024737667797296414,0.024440017284077888,0.0231312,0.0238679,0.0250543,0.0262411,0.0288823
2026-03-31,0.022691132011587005,0.02395172664769539,0.024549843093938296,0.025149967011576516,0.022818601092211302,0.021511694692129324,0.022902061218287025,0.024740060711260378,0.024442202556237084,0.0231394,0.0237814,0.0248263,0.0258674,0.0282282
2026-04-01,0.02255107017190351,0.02381198254763269,0.024412269255821132,0.025014538654098358,0.02271065035971706,0.02143472920974899,0.022838955393260023,0.024689634826931497,0.024396152329254232,0.0229666,0.0236021,0.0245948,0.0256068,0.0282948
2026-04-02,0.02247617702332477,0.023737259258973246,0.02433870641995668,0.024942123020209955,0.022652927390954376,0.021393574527272703,0.022805211718481093,0.024662671330773912,0.024371528582378246,0.0228742,0.0235658,0.0246145,0.025673,0.0282538
2026-04-06,0.022580411622681526,0.023841257443481933,0.02444108950884884,0.02504290945569899,0.02273326490003546,0.021450852670558292,0.022852175396106476,0.02470019851321901,0.02440579935825217,0.0230028,0.0237332,0.0247512,0.0257845,0.0283155
2026-04-07,0.02257830422199378,0.02383915482313402,0.024439019542528213,0.02504087177054201,0.022731640648834796,0.02144969463025643,0.022851225891670032,0.02469943979419023,0.024405106476529846,0.0230002,0.0239589,0.0250718,0.0261794,0.0286813
2026-04-09,0.02227986959947305,0.02354139693339113,0.02414588577322549,0.024752309320102556,0.022501625516939145,0.02128570093337201,0.022716763752394276,0.0245919954280176,0.024306985619318155,0.022632,0.0235772,0.0244445,0.0253772,0.0280212
2026-04-10,0.022185446025464687,0.023447187382452574,0.02405313923359323,0.0246610090858226,0.02242884936232323,0.02123381373672513,0.022674220326339867,0.024558000381485628,0.024275940542000662,0.0225155,0.023421,0.0243317,0.0252992,0.027917
2026-04-13,0.022242343184140458,0.023503955581793502,0.024109025863314728,0.024716024212477383,0.022472702370401814,0.021265079607299422,0.02269985588118343,0.024578484904567304,0.024294647488649873,0.0225857,0.0235588,0.0245206,0.0255101,0.0279808
2026-04-14,0.022246071502442247,0.023507675449171504,0.024112687963538146,0.024719629205182034,0.02247557593897955,0.021267128374667023,0.02270153570965361,0.024579827200094637,0.024295873304642206,0.0225903,0.0234763,0.0243573,0.0252793,0.0276775
2026-04-15,0.022288460985560397,0.023549968843797207,0.024154324566543185,0.024760616516374886,0.02250824724773792,0.021290422026103338,0.022720634679059416,0.02459508855850296,0.02430981033993107,0.0226426,0.0235667,0.0244272,0.0253632,0.0279552
2026-04-16,0.022299402858869916,0.023560885912608527,0.024165072098982065,0.024771196448349093,0.02251668059325144,0.02129643474480166,0.022725564638304104,0.024599027927377896,0.024313407865885428,0.0226561,0.023627,0.0245093,0.0254673,0.0280784
2026-04-17,0.022179286243955668,0.02344104156132712,0.024047088852221,0.024655053054384524,0.022424101759787297,0.021230428839032242,0.022671444977072554,0.024555782692149135,0.024273915296548286,0.0225079,0.0234582,0.0242058,0.0250318,0.0274294
2026-04-20,0.02229421559850285,0.023555710411489822,0.024159976970726114,0.02476618077519166,0.022512682561512183,0.02129358426987813,0.022723227471675565,0.02459716037408675,0.024311702371482474,0.0226497,0.0234662,0.0241537,0.0249541,0.0273704
2026-04-21,0.0223335253917628,0.023594931088153068,0.024198588568914464,0.024804190249861875,0.022542980203014807,0.021315185564429035,0.022740938846880495,0.02461131295509922,0.024324626848988132,0.0226982,0.0235694,0.0243934,0.0253742,0.0281237
2026-04-22,0.022365054420340102,0.023626388633808476,0.024229557591172016,0.024834676327068213,0.02256728088087149,0.021332511204211174,0.022755144522536318,0.02462266424832328,0.02433499312557821,0.0227371,0.0235729,0.0244118,0.0252563,0.028014
2026-04-23,0.022356544001639618,0.023617897510501477,0.02422119833192689,0.02482644742615797,0.022560721563580556,0.021327834611902283,0.022751310080646313,0.0246196002703783,0.02433219502630439,0.0227266,0.0236173,0.0244698,0.0253347,0.0281744
2026-04-24,0.02233028333947897,0.023591696386000487,0.024195404100288736,0.02480105544115617,0.022540481423468938,0.021313404010939493,0.02273947811191051,0.024610145729418546,0.024323560910281337,0.0226942,0.0235704,0.0244514,0.0253433,0.0278995
2026-04-27,0.022458588584886394,0.023719710707583587,0.024321430395662202,0.02492511641110585,0.022639371308595543,0.021383909460069246,0.02279728710923684,0.024656339029391,0.024365745766362794,0.0228525,0.0237075,0.0245612,0.0254408,0.0280792
2026-04-28,0.02247731176264734,0.02373839142488172,0.024339821003426392,0.024943220222009347,0.02265380197781943,0.021394198080617502,0.022805722984137647,0.024663079866802017,0.024371901667721727,0.0228756,0.0238059,0.0246914,0.0256204,0.0284962
2026-04-29,0.022499763424540492,0.023760792168540292,0.024361873864840435,0.024964929173535665,0.022671106326241815,0.02140653554444285,0.02281583875390209,0.02467116305527055,0.024379283438680358,0.0229033,0.024443,0.0256785,0.0269454,0.0299923
